"","Num","Fam","Pop","Lat","Start","Duration","KurtosisSTD","SkewnessSTD","VarianceSTD","MeanFDSTD","KurtosisRD","SkewnessRD","VarianceRD","MeanFDRD"
"1",1,"B2","ONEC",47.6908056,8,30,1.23769441688142,-1.08063922734707,9.27868085200013,23.6779661016949,17725.1154740546,-177.427366785936,52.5425088671689,16.4411764705882
"2",2,"F16","ONRO",45.2627778,23,26,1.0513887411116,-1.01894399834116,23.6817488882124,40.1750663129974,100326.848991692,-543.453218651639,79.4893232590245,35.9074074074074
"3",3,"L3","NYSC",42.5230556,22,49,1.03879969073617,-1.01396620750944,33.4263964445527,53.7372353673724,57219414.6128894,55329.7604855473,574.987888453082,219.116438356164
"4",4,"J9","NYLV",43.6971944,21,40,1.05171347022186,-1.01876318369492,29.5280016936248,47.2354062425542,123852705.352381,19513.141560545,816.271484409615,338.241935483871
"5",5,"H3","ONDM",44.4933889,13,41,1.08020142639284,-1.02985181446432,24.3536524486062,39.6016275198816,341548122.842186,29163.5869140193,1129.42048768675,457.28813559322
"6",8,"A13","ONTI",48.4789167,11,50,1.06707493778001,-1.0252951722135,26.786444872914,40.2114825581395,10952849.6129204,24241.6884161483,243.213498844641,82.9527027027027
"7",9,"T15","MDDB",38.7526111,43,34,1.0228834776885,-1.00840777154331,38.664714849429,58.0124069478908,212653322.894483,-23289.990757526,936.526129002948,421.406779661017
"8",10,"J6","NYLV",43.6971944,28,44,1.18617003771818,-1.07097579338422,32.7809478860859,56.663688058489,84383.393218283,1087.44773165247,28.418406770115,14.8194444444444
"9",13,"H20","ONDM",44.4933889,13,47,1.08106437313614,-1.03095189579402,26.6029220163629,41.0403776617115,169044.192531409,-438.113390806809,89.6442057680928,39.7962962962963
"10",14,"T2","MDDB",38.7526111,41,27,1.26838978504566,-1.10046532758116,27.1350483093229,54.0150753768844,67428621.0211265,31194.7216267791,625.743474006487,249.790322580645
"11",15,"T20","MDDB",38.7526111,51,27,1.08415655357521,-1.03018781623526,29.4393160153307,59.3333333333333,148831254.419969,163429.056779631,722.213845142108,202.725
"12",16,"A8","ONTI",48.4789167,8,53,1.00918794000205,-1.003395701357,20.3229242662907,29.056,5830998.65682903,-17697.3107439474,323.617903586411,154.418181818182
"13",18,"I16","ONWH",45.49,13,48,1.07767218249062,-1.02894875372893,23.285412457245,36.6902050113895,621213.10069273,214.871500062173,140.106119906042,56.9298245614035
"14",19,"L1","NYSC",42.5230556,21,40,1.06925870799567,-1.02549174551607,27.7259360691584,46.1655306718598,-2,-2,-334.085343127253,0.743589743589744
"15",20,"P17","NJHP",41.3128333,34,44,1.07743660299626,-1.02673875686607,31.2412838427105,58.5150862068966,-2,-2,-36.9616220424095,5.21296296296296
"16",21,"A19","ONTI",48.4789167,14,39,1.03683424353468,-1.01364651090812,23.9554036923776,35.2250879249707,10161318.8059261,18644.319898642,346.247521074166,109.91935483871
"17",22,"E8","ONNO",45.4319444,11,45,1.10119769171646,-1.03650690319448,15.8907732988369,28.846565847511,720169.241475218,4527.09858485253,106.937019504967,26.9565217391304
"18",23,"F13","ONRO",45.2627778,16,38,1.04796470916305,-1.0176184125435,23.7021541981534,37.8673780487805,36140.5168664543,-537.410160586598,41.1114338762316,27.2456140350877
"19",25,"E1","ONNO",45.4319444,13,20,1.03460334223937,-1.01264775696984,12.9085286458333,21.3333333333333,21509.1261830324,-111.936299674224,52.6061213705259,17.2972972972973
"20",26,"A12","ONTI",48.4789167,18,43,1.06673853531689,-1.02506843769334,21.3519409736872,34.2068965517241,111940.441623339,-1528.34129994873,68.5743677992067,44.4920634920635
"21",27,"J6","NYLV",43.6971944,21,40,1.0731475237343,-1.02521470431513,25.9217618214861,49.0314097881665,154679849.1925,62104.5356614627,745.712723747984,353.369863013699
"22",28,"J5","NYLV",43.6971944,33,36,1.37887578848503,-1.13836611598891,23.856201259114,55.1671018276762,4862561.24861991,3601.10616632277,226.186662549796,118.466216216216
"23",29,"A13","ONTI",48.4789167,16,39,1.06063135870889,-1.02319998128696,25.5889969668439,36.9967845659164,95445.3767324895,1025.29987871752,38.3313532574086,20.9662162162162
"24",31,"I5","ONWH",45.49,13,70,1.01423511072434,-1.0054087642636,38.9254683604415,48.2787456445993,451922.233781324,3277.50594025888,93.4344715650723,27.3972602739726
"25",32,"B5","ONEC",47.6908056,16,NA,1.16886653045505,-1.05877758699323,9.95086751777244,24.2824427480916,363550.893828422,1250.52319531228,99.1608947899118,44.2391304347826
"26",33,"A4","ONTI",48.4789167,17,43,1.01560363553972,-1.00578229715301,29.5529737850343,39.8268551236749,12844.43480746,-144.602189382579,33.6041794537492,15.1282051282051
"27",34,"P16","NJHP",41.3128333,17,55,1.03801701390781,-1.01408886028048,34.917393932774,50.7724898432966,1402347.51314955,-2961.42938068645,172.207428111612,88.4583333333333
"28",35,"M12","NYCH",42.2382222,18,54,1.04331520269059,-1.01627604822359,31.3481096308478,45.3365548607163,9131468.42174255,2912.9289206574,306.770936434998,131.438596491228
"29",36,"J20","NYLV",43.6971944,48,24,1.10848953924867,-1.03937834867091,29.2067961800105,57.3650793650794,61376.5817820644,-694.20602198256,58.252998023427,32.3636363636364
"30",37,"I1","ONWH",45.49,14,NA,1.17963995995602,-1.06628343541898,7.75986842105263,19,8098103.56525509,19430.6904783888,249.898843494488,84.1643835616438
"31",38,"P17","NJHP",41.3128333,37,32,1.09754540115414,-1.03613766067632,29.6562454710552,58.2716049382716,13613126.4681826,32217.4128481471,313.551033324536,76.1830985915493
"32",39,"T2","MDDB",38.7526111,28,39,1.05018822006221,-1.01844411890763,32.4107443308659,49.8086816720257,530284765.509543,251122.056320605,1160.54304046182,409.720588235294
"33",41,"I20","ONWH",45.49,13,NA,1.23049527241122,-1.08137335154068,13.1403589332155,27.2148760330579,178341.185129186,-1050.64998318739,87.114514764172,43.8363636363636
"34",42,"I13","ONWH",45.49,14,43,1.04389548534171,-1.01636088594983,27.7944313277337,39.9541627689429,4126769.39374485,-13675.6730730844,299.468900261009,132.235294117647
"35",43,"A8","ONTI",48.4789167,16,39,1.08853182478918,-1.03393000221897,23.1325446529178,35.9966688874084,10889068.5983144,22464.6038073132,282.07993346781,105.77397260274
"36",44,"I7","ONWH",45.49,14,39,1.02179863436719,-1.008076008826,21.4792110945622,30.4245810055866,-2,-2,-53.371655775875,3.77380952380952
"37",49,"P1","NJHP",41.3128333,22,48,1.12295662332977,-1.04612400964691,33.8084639816667,58.2782258064516,63880245.5120314,42264.7802011085,609.862802710789,222.893442622951
"38",50,"L6","NYSC",42.5230556,35,34,1.26345894486456,-1.0919980486276,24.6234725940306,55.2973467520586,727931682.697896,-330348.060307493,1516.48759398398,758.633333333333
"39",51,"G12","ONPG",44.5948889,22,44,1.05653914872233,-1.02082870886233,26.7778448325073,44.603513174404,14196684.0354763,-24251.0912439262,372.258008355538,209.822580645161
"40",52,"T7","MDDB",38.7526111,16,39,1.01164765650274,-1.00427867009814,24.752261262001,34.1398416886544,61751.9272008919,212.728774471493,47.9284079810299,24.9296875
"41",53,"A8","ONTI",48.4789167,9,51,1.02859829432556,-1.01059934454972,18.7498830933659,27.2215447154472,73828364.1131273,74232.937459074,552.199174322417,223.402597402597
"42",54,"H16","ONDM",44.4933889,15,34,1.03160240061751,-1.01162009151213,21.6298881063954,32.6315789473684,-2,-2,-506.310444779479,0.489247311827957
"43",55,"S11","NJPT",40.34025,32,40,1.08822336141766,-1.03240235637295,34.3708568095126,57.5948446794448,67353567.9334858,24198.6081128297,623.185119560169,262.758064516129
"44",56,"I11","ONWH",45.49,16,NA,1.06506656834903,-1.02359402643404,15.8370821604478,28.6923076923077,158684.068806788,1660.66098806005,43.790279319841,19.5194805194805
"45",58,"J1","NYLV",43.6971944,37,34,1.05989066581506,-1.02225125591375,31.578708573903,54.125,43095653.6732671,46359.7165105646,435.190802423837,178.295774647887
"46",59,"J8","NYLV",43.6971944,22,39,1.03737564801114,-1.01356828759388,28.1202926914415,44.4887433483422,568394.839347886,-3629.857988606,138.191520626521,73.3275862068966
"47",61,"G5","ONPG",44.5948889,16,44,1.04267744197264,-1.01543807296981,25.9140363112842,40.4492280285036,175701114.013645,33681.3251391725,855.573581644744,382.626865671642
"48",64,"B8","ONEC",47.6908056,17,NA,1.06118567466577,-1.0225096024867,19.5839072108915,31.7447183098592,-2,-2,-721.506109343763,0.346666666666667
"49",65,"A6","ONTI",48.4789167,10,46,1.06838763999758,-1.02550354222173,21.4547857146486,35.8427995602785,8815609.22616995,9743.51720804899,305.336220361641,116.5
"50",66,"G14","ONPG",44.5948889,9,46,1.02057279181714,-1.00743560504331,25.3716971780227,36.5800965547509,4899415.36994585,17582.7218522174,145.973244062719,47.7976190476191
"51",68,"H19","ONDM",44.4933889,16,45,1.02789116471285,-1.01028203911064,26.5208560319257,37.3333333333333,19657.8916495669,-405.498774075009,38.1155011870091,21.530612244898
"52",69,"J11","NYLV",43.6971944,28,35,1.05457099631182,-1.02044886918668,31.0551286609631,48.4461538461538,147941.863749611,1713.30425078524,45.8404756223654,14.1111111111111
"53",70,"P1","NJHP",41.3128333,21,48,1.06800789352645,-1.02514076054067,32.0753794296042,49.8104897131266,14642717.0646334,-18190.5859946323,333.865296628937,198.4375
"54",71,"P1","NJHP",41.3128333,52,37,1.0212567890693,-1.0077513789088,47.716780760443,74.1739130434783,42068363.1413628,16519.1218756357,500.948775919894,206.938596491228
"55",72,"J12","NYLV",43.6971944,11,50,1.07133091880652,-1.02614246119764,29.2500132557225,46.2905198776758,32988595.5268839,-4163.80674829831,490.946047633124,245.471014492754
"56",73,"P6","NJHP",41.3128333,41,34,1.1591447988506,-1.0579309900794,28.9044142978029,55.0178571428571,23336313.5913051,7615.16222225114,395.980506859721,187.451612903226
"57",75,"F2","ONRO",45.2627778,16,51,1.22590030013502,-1.08553164168105,10.8153963325327,23.3076923076923,883206.854311429,-2304.83808875341,152.382820836034,78.34375
"58",76,"L13","NYSC",42.5230556,20,49,1.09754521353363,-1.03675066982029,32.6577651987455,51.5665744764915,-2,-2,-53.3260755201496,3.81081081081081
"59",77,"H4","ONDM",44.4933889,17,39,1.02912783979048,-1.01078076595406,23.1681015688606,33.4969696969697,1019884.90728298,-7605.69241034008,195.828965563312,87.2857142857143
"60",78,"H13","ONDM",44.4933889,13,50,1.0511013428248,-1.01907692816473,23.3881790571247,35.7267054908486,8194017.35322226,15338.0050053347,271.308767982541,116.013333333333
"61",80,"M13","NYCH",42.2382222,21,44,1.03683140916792,-1.01379781601301,31.2838400791213,46.9160007795751,5149717.60709677,9810.08427689626,232.733407853195,96.4931506849315
"62",81,"G1","ONPG",44.5948889,11,50,1.06009557195174,-1.02261210519727,23.9039910165588,35.5478036175711,45386722.7813734,798.525923901083,532.219969099201,274.388888888889
"63",83,"A18","ONTI",48.4789167,8,55,1.04558934510899,-1.0168201888429,22.8998799495877,34.9827072152654,17585904.3494599,7342.29716994703,364.10545594924,168.359375
"64",84,"L20","NYSC",42.5230556,59,14,2.01784289308654,-1.34083409971267,11.5884146341463,61.5,62570004.1166597,-79611.8221301697,623.561253386532,350.145161290323
"65",85,"A16","ONTI",48.4789167,10,45,1.08353336612391,-1.03136124210771,21.0751054547643,35.1709699930216,192131.436503338,-744.490338819488,78.2945961490373,44.4333333333333
"66",86,"T11","MDDB",38.7526111,9,61,1.10171886959796,-1.03770892537986,33.2911748186334,51.1629692832765,24516.0787852125,-928.641424025695,47.8135495210923,25.0357142857143
"67",87,"E4","ONNO",45.4319444,16,31,0,0,0,16,23027482.370332,11510.8093803065,439.07023056486,182.693548387097
"68",88,"I8","ONWH",45.49,18,22,1.02999791047106,-1.01066450910824,19.9042302560241,33.2,559109.741526911,-5390.62638289994,131.151651692826,75.4727272727273
"69",90,"S10","NJPT",40.34025,11,75,1.46344396163581,-1.16641187324248,22.78790257884,54.7616822429907,359394.842536362,-4393.60476222768,176.278216382923,58.2432432432432
"70",91,"A12","ONTI",48.4789167,8,55,1.08316694693001,-1.03226825013533,28.662554532881,41.6005488043904,246533.403243793,2422.96909825263,68.9185660597109,17.6216216216216
"71",93,"G2","ONPG",44.5948889,16,39,1.09936875263603,-1.03805462553901,22.9425017061637,36.3742071881607,2039842.26956298,-11686.3159192003,178.616986998998,118.290322580645
"72",94,"P4","NJHP",41.3128333,18,49,1.02400524377016,-1.00878938593368,32.0735001615826,45.9882352941177,24716024.2655598,-4512.76949913862,404.374070780007,218.768656716418
"73",95,"G12","ONPG",44.5948889,11,50,1.05997418173544,-1.02247158677929,25.5829227083649,37.4858490566038,287883.871639087,2083.01527947138,66.3658641052291,32.5316455696203
"74",97,"S1","NJPT",40.34025,63,23,1.0292233792622,-1.01077383210341,67.7480009587192,95.1395348837209,28674418.453291,29090.4874500296,436.066294345458,174.970149253731
"75",98,"H17","ONDM",44.4933889,8,NA,1.00926220436477,-1.00340245821965,21.6584717500738,30.1674876847291,-2,-2,-26.9845992158733,5.67567567567568
"76",99,"S8","NJPT",40.34025,38,34,1.14086823571872,-1.05084397919922,30.6139189259052,58.6896551724138,49024.0547688006,886.67736035843,11.1330725957508,18.3730158730159
"77",100,"G7","ONPG",44.5948889,8,46,1.01002378865463,-1.00374525866254,19.3763040518421,28.2372685185185,258052.7192974,-367.65623514916,110.693295131668,45.8148148148148
"78",102,"P11","NJHP",41.3128333,29,45,1.04573518296545,-1.01662892865375,35.1726520865278,53.63133640553,1351792495.15029,-544339.768248013,1876.65319039346,937.210526315789
"79",103,"B7","ONEC",47.6908056,16,NA,1.0675857939204,-1.02490532894505,11.121595715268,25.3564356435644,-2,-2,-228.909290547203,1.05813953488372
"80",104,"T14","MDDB",38.7526111,32,40,1.04599289885433,-1.0170551124407,36.4296509946828,56.5063469675599,54797.1812476341,984.767029840263,15.4498767344084,9.90540540540541
"81",106,"M2","NYCH",42.2382222,21,49,1.01521346807748,-1.00555379611717,33.0289468611704,46.4365482233503,-2,-2,-3.21315432539919,10.5789473684211
"82",108,"P13","NJHP",41.3128333,35,34,1.42843530421707,-1.15651044393751,22.3126488503107,58.6363636363636,5639.29964611474,-285.38987818315,8.27166065807176,13.0673076923077
"83",111,"H18","ONDM",44.4933889,13,48,1.09101553786491,-1.03442639865503,27.292103526334,42.1855099215505,943079.859763624,5431.8988968876,114.674812159482,30.0547945205479
"84",112,"H6","ONDM",44.4933889,11,44,1.01728924538407,-1.00632088372268,25.2518523135099,34.695652173913,15473055.113162,-6288.60954850578,414.70294417376,187.983870967742
"85",113,"A6","ONTI",48.4789167,9,NA,1.02250288483777,-1.00848043746378,21.0624034420586,28.4669117647059,8065510.16630129,-5193.87657506323,314.885087590009,154.161290322581
"86",114,"B17","ONEC",47.6908056,16,39,1.02048274744461,-1.00772567366511,15.7966096499247,25.0168539325843,157549.197045599,509.083280815556,57.494160618793,33.7638888888889
"87",115,"L13","NYSC",42.5230556,11,49,1.04733150538094,-1.01719212677513,25.7114852071132,40.1102811950791,-2,-2,-51.1621384788051,3.97222222222222
"88",116,"A14","ONTI",48.4789167,9,40,1.01414616133779,-1.00522653070725,22.4793275510424,30.0739856801909,68672.5214416112,-1087.89403317955,65.5812884539282,35.2407407407407
"89",117,"H5","ONDM",44.4933889,11,33,1.04215076803569,-1.01578162735735,17.5307112073477,26.5722891566265,611683.497470439,-3228.98136722538,184.310880188006,66.1477272727273
"90",118,"E20","ONNO",45.4319444,11,29,1.07906204671236,-1.02994124462419,12.8028311528566,22.8023255813954,11240415.293849,28065.9301844412,295.694346141309,74.4520547945205
"91",119,"P11","NJHP",41.3128333,38,34,1.2587508907523,-1.09046699352004,24.7259096465759,60.0631970260223,8225358.15219716,7081.78188108495,269.567843839572,123.241935483871
"92",120,"M8","NYCH",42.2382222,17,44,1.032363801558,-1.0117656960327,24.8946439223047,36.9955343852337,-2,-2,-73.3247137752591,3.14457831325301
"93",121,"H12","ONDM",44.4933889,11,49,1.00952667125689,-1.00352030329606,25.8846629065998,33.4592391304348,11051223.5343236,29325.8647812661,278.661394955828,69.7594936708861
"94",123,"M2","NYCH",42.2382222,16,49,1.02200922813745,-1.00824828612172,27.34700322718,37.4787052810903,54313532.9641071,-100707.758076025,742.278995406374,322.19387755102
"95",124,"T4","MDDB",38.7526111,43,31,1.06350006170409,-1.02360941805604,35.2588348489812,56.4221748400853,1249830.90045561,7354.1148894485,83.0499784663061,31.6706349206349
"96",125,"G4","ONPG",44.5948889,11,52,1.02866129434515,-1.01069229511287,22.5609549521546,31.9808612440191,6507547.5081947,6557.53822568266,266.072939976408,123.069444444444
"97",126,"G20","ONPG",44.5948889,21,44,1.06373420083385,-1.02349180479777,27.1549384729018,42.6759180187874,10836.3322012645,-155.418097649248,19.6090629505189,16.5263157894737
"98",127,"I18","ONWH",45.49,21,27,1.10204792964315,-1.03750761107361,11.0520352403256,26.1428571428571,17536605.2184473,-42781.7637444575,379.674370130661,242.261538461538
"99",128,"S16","NJPT",40.34025,21,64,1.02141947161445,-1.00801363292632,41.4239651523494,53.378752886836,21887.0717749145,387.69155743827,14.9294778712843,12.4701492537313
"100",129,"F12","ONRO",45.2627778,13,33,1.04143627039924,-1.01499043174638,18.6126758161795,29.42,203723005.873057,75259.1671749247,905.323161691424,353.967741935484
"101",130,"B11","ONEC",47.6908056,8,NA,1.03236323935222,-1.01161604351595,11.1908746478132,19.7352185089974,626682.806364109,-1957.39383914796,124.368749124381,69.640625
"102",131,"M16","NYCH",42.2382222,11,43,1.03683329423271,-1.01357357155421,25.2961667553325,36.7888326775342,1489341.53149478,-336.366130346539,141.443529225978,85.0486111111111
"103",132,"I11","ONWH",45.49,22,22,1.50162467334941,-1.18014885371653,10.6973417207792,28.875,-2,-2,-16.0053053731262,6.94736842105263
"104",133,"S16","NJPT",40.34025,43,28,1.21764946401852,-1.07919613487522,26.8132443674177,57.7,5980326.59217733,-1521.35239892217,260.359812420122,130.612903225806
"105",134,"E7","ONNO",45.4319444,9,44,1.04408058420994,-1.01649103333873,19.6128478426375,28.5483193277311,326757.409618514,-4014.13354303467,116.132248996288,62.7222222222222
"106",135,"F11","ONRO",45.2627778,21,34,1.02165556928425,-1.00793111570023,26.5336085024646,38.258064516129,-2,-2,-89.9969309728249,2.47058823529412
"107",136,"B16","ONEC",47.6908056,13,NA,1.0922370809407,-1.0326935664868,14.093311822888,26.7078651685393,5369662.81146312,16430.6701520537,183.136442055738,76.2777777777778
"108",138,"F15","ONRO",45.2627778,16,32,1.01398011539703,-1.00509609851892,23.2251740785145,33.3426573426573,764735.815965874,-6040.36022968048,164.625139690553,80.5192307692308
"109",139,"G16","ONPG",44.5948889,16,36,1.02690008845286,-1.00993749329043,23.0374033290717,33.7615571776156,57843.6794019111,753.339743065247,21.9912701948718,15.4520547945205
"110",140,"P15","NJHP",41.3128333,19,44,1.03660645116482,-1.01351686367357,31.5169343060096,46.1392931392931,267066.228947763,-2665.82156367112,108.974120501425,55.4038461538462
"111",141,"T3","MDDB",38.7526111,37,39,1.25389481757873,-1.0935587182293,28.593904122219,61.0044742729307,39269500.5978421,-80607.9540693287,543.634363889332,313.45
"112",142,"L8","NYSC",42.5230556,21,40,1.02395888036751,-1.00871014621966,28.4006700156076,42.6702447402319,283236953.377155,143130.425052179,866.594374394747,407.743902439024
"113",143,"M6","NYCH",42.2382222,21,40,1.03970745306152,-1.01465045319357,29.8727773529652,44.3890658174098,41650404.1482743,56258.284850419,462.032830575549,126.084745762712
"114",144,"P9","NJHP",41.3128333,21,48,1.05423059463723,-1.02083085031271,35.2087310867694,49.8476953907816,21704.9510603702,-703.452332810538,45.8861768276227,23.3953488372093
"115",145,"S13","NJPT",40.34025,54,33,1.17677867981385,-1.06422685570684,35.5374207278361,71.6923076923077,65133.9228709638,158.074263388563,49.1021870548514,26.0806451612903
"116",146,"E17","ONNO",45.4319444,13,36,1.03649623489664,-1.01390772107393,23.762243255808,34.5038560411311,8562.28920966508,-126.018304120923,27.2909982699627,12.8378378378378
"117",147,"B15","ONEC",47.6908056,8,31,1.05237147591186,-1.01884918691681,13.9895253548699,23.8133561643836,244355.825120255,-1308.36048733153,123.639739606649,46.7717391304348
"118",148,"S20","NJPT",40.34025,37,35,1.18265859048198,-1.06506530873189,28.5370117497901,61.8534798534799,662969728.84579,337246.715959501,1284.85879006145,400.671641791045
"119",149,"G14","ONPG",44.5948889,11,45,1.07659168923698,-1.02937210434045,21.0028969300743,30.8373454782043,-2,-2,-4.41722173608544,10.3728813559322
"120",150,"S10","NJPT",40.34025,52,25,1.03299212726866,-1.01208500217814,41.1469222360248,64.4,15309809.4997106,-11110.3799412488,373.355194922883,194.838709677419
"121",151,"S15","NJPT",40.34025,43,34,1.19112376274462,-1.06639942733686,28.8466261924184,59.8334849863512,6487977.75231773,6508.39695114997,286.373159851697,126.840579710145
"122",152,"T1","MDDB",38.7526111,16,30,1.07974025393946,-1.03053252727219,21.5488483979064,34.2172318973419,-2,-2,-2.24712963463109,9.13924050632911
"123",153,"H15","ONDM",44.4933889,8,37,1.03747477884807,-1.0139247213565,21.0466542094773,32.1221976634039,148592.475602084,-1633.41370680337,81.3296432082212,46.6949152542373
"124",154,"J11","NYLV",43.6971944,17,70,1.10271501755943,-1.03767523599528,37.970322978119,60.9305949008499,4917655.2659317,8092.38785500524,257.068808920946,100.607692307692
"125",155,"L7","NYSC",42.5230556,21,48,1.05133574448844,-1.01924415806988,31.0908117287863,46.6806722689076,11021719.2546196,18399.1166685133,263.688469841257,103.194029850746
"126",156,"G17","ONPG",44.5948889,21,34,1.02723866470374,-1.00993152621774,25.9564109860677,39.1818181818182,459389.19498749,-1385.92570743665,139.724082870092,56.3673469387755
"127",158,"G9","ONPG",44.5948889,9,46,1.01566404500235,-1.00582788552777,27.0417203410521,35.7536369386464,12976224.1755894,464.138349280284,360.893033179905,169.4375
"128",159,"S7","NJPT",40.34025,36,29,1.05532680027322,-1.02008750551517,30.0565569799643,53.8787878787879,19852029.3686937,-15767.3880390243,429.70282591855,224.171641791045
"129",160,"M18","NYCH",42.2382222,11,44,1.05711336415167,-1.02090977539686,23.8756341280721,38.0756646216769,37227352.5127357,52547.4977690462,376.950802787173,145.886075949367
"130",161,"M4","NYCH",42.2382222,18,47,1.03043052005953,-1.01145881855982,30.8760742949459,43.2280311457175,17095.1943013645,-172.247017695181,37.3972939849461,17.3181818181818
"131",162,"M9","NYCH",42.2382222,16,55,1.04035123129019,-1.01539006950096,32.4548890423582,44.2794830371567,-2,-2,-46.2467514686847,3.77272727272727
"132",163,"F5","ONRO",45.2627778,21,34,1.13781915642222,-1.05254734889224,24.8770034353103,41.7303370786517,24862137.9628388,40624.6712697251,337.618225390666,121.694444444444
"133",164,"H20","ONDM",44.4933889,16,45,1.06468783772089,-1.02462041636881,27.8182449620477,40.8136645962733,81377275.5684781,57386.3087926684,666.599829343891,262.2
"134",165,"A6","ONTI",48.4789167,13,42,1.01449389532345,-1.00538500463522,23.4871801401438,32.4671532846715,4117271.1149672,87.5153779280006,280.923618673673,111.377192982456
"135",166,"I10","ONWH",45.49,18,30,1.24931522016698,-1.07980921760307,8.45258669748466,24.6666666666667,3793284.7181505,-9610.1054511966,241.373369673969,135.31746031746
"136",167,"T11","MDDB",38.7526111,29,55,1.05859154461004,-1.02174373516422,38.931011969044,57.3979517190929,9130343.06088378,-2265.58355068542,313.695337523328,153.7109375
"137",168,"S9","NJPT",40.34025,28,59,1.04681069355825,-1.01700710631884,39.9045684406376,59.9240669240669,122728.970987473,-237.422564866113,74.6290618237475,36.6379310344828
"138",169,"E10","ONNO",45.4319444,11,38,1.0224189419793,-1.00826138393789,20.3033700948825,28.9003558718861,3403179.12198364,12118.8515626267,170.833699656995,57.5185185185185
"139",170,"L7","NYSC",42.5230556,22,49,1.16003762099368,-1.0615008439137,33.8836466032749,54.8260869565217,23663803.5016297,-20358.9890111785,521.328759656304,226.710526315789
"140",171,"I15","ONWH",45.49,11,45,1.02443865502786,-1.00900304642424,20.312043034985,28.8596187175043,-2,-2,-81.3377712664741,2.88414634146341
"141",172,"H16","ONDM",44.4933889,9,NA,1.01451851264162,-1.00533391151426,25.6925443418915,34.8963139750729,-2,-2,-146.258555506993,1.625
"142",174,"F18","ONRO",45.2627778,21,57,1.03109259778443,-1.01150811808095,36.3006424993296,52.0900403165597,320552.68747681,-3060.18160957899,127.746417163487,57.8125
"143",175,"G3","ONPG",44.5948889,23,35,1.49165595920468,-1.18414117761848,20.0954476868935,45.3873570948218,9085764.52802568,11776.7883666478,329.678917637597,124.1796875
"144",176,"E16","ONNO",45.4319444,17,24,1.04711210872018,-1.01763209099808,14.7375219061532,24.9289940828402,440032.745836149,-573.840689079213,126.16960406299,55.9827586206897
"145",177,"E11","ONNO",45.4319444,11,44,1.0579319295823,-1.02148291521492,21.536591841453,32.2425149700599,96107969.7895861,36564.7784727458,665.708802059559,295.856060606061
"146",178,"F1","ONRO",45.2627778,16,20,1.15407975675363,-1.05487466700838,11.605740187714,25.8979591836735,-2,-2,-61.7362227398094,3.82608695652174
"147",179,"I13","ONWH",45.49,10,34,1.07619350179987,-1.02797746874916,15.1512840371889,25.9246575342466,3615131.95118291,1727.54016809706,221.632903021106,97.551724137931
"148",180,"M20","NYCH",42.2382222,31,34,1.10474458580036,-1.03720847200813,23.0617118401579,49.1153200223922,-2,-2,-5.68278043198078,9.24489795918367
"149",181,"H18","ONDM",44.4933889,23,41,1.02741974518894,-1.01001400282255,25.0259151846541,37.5762711864407,159914.250088046,-1310.1738597408,87.8982777534991,45.8103448275862
"150",182,"G11","ONPG",44.5948889,11,48,1.03430555235213,-1.01267923778161,27.3269032806658,38.477328936521,-2,-2,-22.6416566084952,5.81578947368421
"151",184,"P4","NJHP",41.3128333,23,44,1.03417153298237,-1.01222973106914,31.5912256946301,48.5089131684876,290337.925525884,246.00831314076,105.862129558286,44.7543859649123
"152",185,"S11","NJPT",40.34025,43,33,1.09890769272623,-1.03694688029429,35.6554027420355,59.8275862068965,56648529.014425,-85928.7912844516,603.76779333189,350.6484375
"153",186,"A1","ONTI",48.4789167,13,NA,1.00915771568942,-1.00336807872597,24.9195853978108,33.729537366548,15424044.0345232,-6260.66571943669,344.236984094141,202.849315068493
"155",188,"J4","NYLV",43.6971944,24,39,1.06404531906191,-1.02291451761347,30.7470792459492,50.3836239575436,84562.4150251391,895.961548790507,36.195400942426,20.9634146341463
"156",189,"P6","NJHP",41.3128333,21,44,1.21482569690761,-1.0824965012054,26.9414797788353,48.1895424836601,55213253.6225403,-14831.5433273442,613.606570144324,289.129032258065
"157",190,"E18","ONNO",45.4319444,13,NA,1.07662086323295,-1.02857658135832,19.2870801153324,31.2162162162162,955832171.966778,-154295.889627391,1461.68551864802,759
"158",191,"J2","NYLV",43.6971944,30,34,1.04715314753795,-1.01741500448891,21.4382460779625,40.1960784313725,1952894.20699371,-4963.76406481267,194.680226553093,104.68253968254
"159",193,"M7","NYCH",42.2382222,13,49,1.0479618784576,-1.01782706071011,28.1365619257149,41.5619266055046,36314.5454311756,96.2546933385784,41.2073612751075,22.3538461538462
"160",194,"L9","NYSC",42.5230556,16,49,1.01956279843461,-1.00710836127952,30.680274420811,43.5547445255474,11942.3164671761,-769.366739751166,1.03447524603711,13.5
"161",195,"P13","NJHP",41.3128333,33,46,1.08103373735702,-1.03063291813802,37.388843557045,58.4170305676856,-2,-2,-697.071240763018,0.358695652173913
"162",198,"E1","ONNO",45.4319444,8,34,1.13012531832184,-1.04786589744702,13.4336828817734,25.375,227066.730664413,105.145504444813,85.8268206262505,43.7538461538462
"163",199,"T13","MDDB",38.7526111,16,NA,0,0,0,16,266248002.016598,229932.692400801,760.733799558959,224.405063291139
"164",201,"P14","NJHP",41.3128333,21,48,1.14339792791343,-1.05335039295369,30.7581972838469,51.1816118047673,53573.0315533295,-915.935206983787,53.3638352393693,33.4406779661017
"165",202,"J9","NYLV",43.6971944,24,44,1.04470328830976,-1.01613164248702,31.5433848293514,50.8038576473784,-2,-2,-11.0447740709459,5.78125
"166",203,"H14","ONDM",44.4933889,16,39,1.07539436137556,-1.02723867038021,22.9737856872665,38.23828125,36419.9222098822,-534.787306364458,51.0762667665154,26.7924528301887
"167",204,"G8","ONPG",44.5948889,17,44,1.01976953545262,-1.00726822101867,30.0893828938346,41.6698113207547,484151.285553493,3641.38446241674,84.5846057724345,29.5760869565217
"168",205,"G15","ONPG",44.5948889,8,NA,1.02739212361809,-1.0101105908286,23.4129750816502,34.0732323232323,-2,-2,-9.90994299128102,8.45238095238095
"169",206,"A15","ONTI",48.4789167,17,40,1.05397688097229,-1.02003192576193,21.2705691665513,33.1566265060241,36216678.5693757,15988.4365869095,481.612355980735,206.209677419355
"170",207,"M2","NYCH",42.2382222,35,45,1.10441970547602,-1.03868768856599,35.9299859572318,60.096463022508,133426309.180565,-30295.7232984388,807.571785838646,388.809523809524
"171",208,"M18","NYCH",42.2382222,16,39,1.02615116780155,-1.00932467857533,24.4321658049863,37.3244392884764,74174859.0117399,-62568.9172515,675.652024848687,354.112903225806
"172",210,"M15","NYCH",42.2382222,56,23,1.78774525146976,-1.28280698169952,20.9418560891164,67.7857142857143,575907603.332742,-131167.350805187,1316.88599251439,677.298507462687
"173",211,"B17","ONEC",47.6908056,11,NA,1.02187192959973,-1.00836343742412,4.25,16,103857520.982468,-2695.60261651064,736.466111753886,339.515625
"174",212,"A4","ONTI",48.4789167,18,NA,1.02657974181137,-1.00979265682087,21.1365053728568,31.7222222222222,532700.168131157,-193.941442892594,144.46888383925,52.0408163265306
"175",213,"E11","ONNO",45.4319444,17,26,1.06331415499778,-1.02405637413766,20.0558069381847,31.6798493408663,91175.535250223,-1412.78409350982,77.1955774888065,38.3979591836735
"176",214,"B20","ONEC",47.6908056,8,NA,1.05090823481312,-1.01823582712312,19.645299560426,31.9107365792759,419578.208385111,-2075.79343739401,141.664262179421,58.0204081632653
"177",215,"H17","ONDM",44.4933889,17,40,1.03559147251701,-1.01308418394698,25.7642772953578,39.4503816793893,-2,-2,481.995288485765,-0.518518518518519
"178",217,"P19","NJHP",41.3128333,20,44,1.05636728077062,-1.02068884898963,28.538503004895,44.5899742930591,668657182.199332,79798.0326492707,1321.41347480868,635.618055555556
"179",219,"T9","MDDB",38.7526111,61,29,1.0286885592954,-1.0107417908371,45.6182210705938,74.4090909090909,794409.274665695,-4753.59062323144,199.289429085208,73.7954545454545
"180",221,"A18","ONTI",48.4789167,17,35,1.09405137788465,-1.03602559628354,23.0029265731473,35.6877224199288,62930065.2847198,35046.8371772763,610.857187884782,253.485294117647
"181",222,"I6","ONWH",45.49,18,NA,1.04491539979688,-1.01648883871333,19.205240433804,30.1666666666667,55487932.0065236,78627.1172791342,393.183216852654,108.439759036145
"182",224,"H8","ONDM",44.4933889,17,38,1.02387514364222,-1.00887986235021,23.3854291054531,33.9020715630885,3221890.97834899,-4150.53857691431,324.560126684764,103.688888888889
"183",225,"B19","ONEC",47.6908056,17,NA,1.1181740872702,-1.04164942140501,11.809265641641,24.9787234042553,37448572.2304831,59519.9567309646,375.447685782172,147.760869565217
"184",226,"T12","MDDB",38.7526111,62,NA,1.0644817238234,-1.02365484219107,46.1625564019307,76.8936170212766,1888408.59073584,-3489.46875090247,190.90805688925,92.6949152542373
"185",227,"H7","ONDM",44.4933889,21,34,1.05104313930282,-1.01844572555042,24.0104887665397,39.7802419354839,-2,-2,1251.92344827586,-0.2
"186",228,"H3","ONDM",44.4933889,8,61,1.02753312197453,-1.01035138961722,25.8379207327562,36.6143238434164,857197513.58592,-80903.9882756393,1490.81361711374,697.951612903226
"187",229,"M13","NYCH",42.2382222,17,54,1.02771440812975,-1.01033281264199,34.177099646957,46.7019198383294,26474706.8214917,-12971.6989212534,481.604768904956,240.5
"188",230,"I12","ONWH",45.49,16,39,1.0640756416012,-1.02395981679988,24.364323198102,38.0320855614973,773956255.53618,-71282.9545684607,1424.3183550066,719.073529411765
"189",231,"T10","MDDB",38.7526111,31,NA,1.04946866756607,-1.01863510749225,39.837460350618,57.8450704225352,1501488378.61802,545280.615157896,1602.59433292192,567.875
"190",232,"H1","ONDM",44.4933889,11,50,1.03747343167302,-1.01355085343673,25.1061511326345,38.5243258270781,35435.6764903178,-579.733618394583,40.2836432273868,29.015625
"191",233,"M4","NYCH",42.2382222,13,50,1.03825557607196,-1.01426017267325,30.9645402061053,44.5410324969149,117789.571759636,236.8830739374,65.6346314213433,32.1290322580645
"192",234,"A2","ONTI",48.4789167,17,44,1.01587727884473,-1.00580423296826,28.5076653711947,39.5756429652042,8271.41424125048,-49.0840900023926,15.8560444874275,11.75
"193",235,"F18","ONRO",45.2627778,16,39,1.19126817541613,-1.06749194547763,16.1849122194931,32.6153846153846,3365807.94805433,1127.87174772202,223.685036702884,102.209677419355
"194",236,"E19","ONNO",45.4319444,19,NA,1.02209120678821,-1.00822103527419,28.050545731645,43.2953020134228,7401755.48854869,16498.6530460568,286.747299942184,98.9571428571429
"195",237,"E5","ONNO",45.4319444,17,40,1.0077938827398,-1.00291803085487,23.4721015320292,31.1970802919708,48364536.3605756,67983.3919168684,482.731854749688,163.1125
"196",239,"F6","ONRO",45.2627778,30,33,1.01383702001341,-1.00515237958569,8.32941176470588,34,8781136.86542034,5484.59521398993,267.814774562918,141.388888888889
"197",240,"M9","NYCH",42.2382222,21,44,1.02173848169374,-1.00780485120766,28.0964070049776,43.6729055258467,-2,-2,-51.7912302900052,3.06849315068493
"198",241,"J15","NYLV",43.6971944,21,48,1.04862039782696,-1.01846888758631,33.1661663253234,49.2192477126398,12922818.7588506,14851.8842263319,375.371581388315,140.225806451613
"199",242,"A15","ONTI",48.4789167,9,NA,1.04857147501934,-1.01801947976532,27.1223380174213,40.1617900172117,67807796.1374576,90382.8978498165,479.851824068047,122.878378378378
"200",244,"S7","NJPT",40.34025,33,43,1.17242240396505,-1.0633944612173,32.9410518070348,60.2842495015665,5443601.27061162,13693.3526958926,243.94029428299,67.2452830188679
"201",245,"S18","NJPT",40.34025,41,39,1.08990312135376,-1.03264661489799,32.8153338086025,60.3521245267143,903808.996106562,-3230.91328365833,153.913397357807,78.8684210526316
"202",246,"G13","ONPG",44.5948889,13,NA,1.02067765666896,-1.00763629544195,26.9791868758295,37.9009900990099,486919.037038921,238.554123266077,155.884112744753,48.3953488372093
"203",247,"I17","ONWH",45.49,16,44,6.48402357603123,-2.4560211707511,2.51134531157493,20.6153846153846,282010.499881689,159.999418862804,98.3640599312383,43.3448275862069
"204",249,"F7","ONRO",45.2627778,17,32,1.03592835258953,-1.01336173680834,23.4526771397505,35.2474226804124,-2,-2,-2.62007488500514,9.3021978021978
"205",250,"S12","NJPT",40.34025,51,39,1.02972768616105,-1.01060479441263,40.6827642663894,74.8598130841121,14324460.3458897,28156.0586290506,326.984444709026,101.953846153846
"206",251,"B3","ONEC",47.6908056,16,NA,1.03597107071756,-1.01364656029001,16.0090755069307,25.609375,135641.175344407,-403.532159449656,71.8831418269231,40.625
"207",253,"G18","ONPG",44.5948889,11,50,1.06447220791994,-1.02401716462451,24.483635755019,37.8134008570316,17437.094685406,120.225045068579,17.1661239039173,13.8055555555556
"208",256,"M6","NYCH",42.2382222,17,44,1.03844790584078,-1.01436961692175,29.2268511016977,42.7374541003672,-2,-2,-15.7621615626967,8.35483870967742
"209",258,"G15","ONPG",44.5948889,11,49,1.00999993072982,-1.00358961754068,28.5541760111493,40.0093160645308,203853.439385558,-326.476813552002,87.2512869763748,41.975
"210",259,"S15","NJPT",40.34025,51,15,1.1155672544752,-1.0414555688488,32.7842041708199,65.5816993464052,156984.193879963,1904.38552036885,24.692922857753,9.425
"211",260,"M11","NYCH",42.2382222,21,44,1.02363135178128,-1.00872643157772,31.2415312716593,44.8300820217247,8616072.8666901,19639.0039670079,268.636135156228,92.1159420289855
"212",261,"A13","ONTI",48.4789167,13,NA,1.04521035124212,-1.01674437105194,26.7501738069102,40.1238226510453,92276642.3528882,24346.9854618613,699.170877413131,316.217391304348
"213",262,"T8","MDDB",38.7526111,8,39,1.09874965653916,-1.03721281806539,16.0520476732116,31.3108108108108,28484.2362054964,-472.702554993285,35.2568959858301,26.9692307692308
"214",263,"B3","ONEC",47.6908056,8,40,1.02134762993361,-1.00777280616689,19.619686247424,28.4330708661417,512668079.228611,101010.898331957,1124.84290819804,523.382352941176
"215",264,"I2","ONWH",45.49,8,40,1.03237859245434,-1.01175143557943,18.0486037075317,27.9479166666667,145950424.845654,32955.6978769243,748.080964452382,354.902985074627
"216",265,"F11","ONRO",45.2627778,21,34,0,0,0,21,89598213.2763252,92216.2371897852,532.207673481307,220.678571428571
"217",266,"L9","NYSC",42.5230556,17,54,1.03889890591014,-1.01443551645007,33.3642255254484,49.4347717009533,-2,-2,406.656784218413,-0.615942028985507
"218",267,"J14","NYLV",43.6971944,16,52,1.02564667732003,-1.00940367661999,29.5843962252988,42.7682726974762,-2,-2,-1.64616047542128,8.56756756756757
"219",268,"E14","ONNO",45.4319444,24,27,1.03430469965661,-1.0125917160874,22.2902689845467,36.5574712643678,4178524.55571297,13876.9961474025,168.630700443243,47.3623188405797
"220",269,"B2","ONEC",47.6908056,8,35,1.0445340113439,-1.01615474895493,16.8641551520845,27.9847094801223,6259678.44943109,13791.5586955237,223.115246821578,92.6493506493507
"221",270,"L14","NYSC",42.5230556,35,38,1.12331322106073,-1.04351641590555,30.9463377940173,59.3158567774936,-2,-2,-22.7297996064306,6.07692307692308
"222",271,"M5","NYCH",42.2382222,22,44,1.03956193969791,-1.01442428494726,30.6354072707403,47.8144599303136,-2,-2,-62.5678258759366,3.06410256410256
"223",274,"T7","MDDB",38.7526111,32,47,1.30200196095839,-1.11061636232578,27.4044880025775,57.5595970900951,-2,-2,-52.1337536742331,3.75438596491228
"224",275,"G3","ONPG",44.5948889,13,49,1.04334061655126,-1.01624089624001,29.129040113283,42.3708213944604,1796712051.81365,181078.95776105,1765.28818736879,861.711267605634
"225",276,"A20","ONTI",48.4789167,9,32,1.11326888767696,-1.04013149495487,15.6127462020646,32.6928799149841,20471908.8572463,42491.3625767306,347.489555393504,63.46875
"226",277,"P20","NJHP",41.3128333,41,49,1.04365817201481,-1.01623665945286,43.1600456635398,63.6069321533923,116644.640241673,482.683879109479,69.9388651849361,29.3620689655172
"227",278,"H15","ONDM",44.4933889,13,38,1.08554280307172,-1.03339335003568,25.2944905848671,38.2807971014493,45001.6219693957,-395.351107358514,64.1148677395486,26.5
"228",279,"F8","ONRO",45.2627778,29,31,2.64177662728365,-1.54361865743315,6.16746183206107,32.75,199412400.539066,2931.08100528157,1019.34639561914,419.403225806452
"229",280,"M19","NYCH",42.2382222,11,44,1.04271237771457,-1.0158751079421,26.5010607103932,39.5122345337027,-2,-2,-288.685596647979,0.847826086956522
"230",282,"J14","NYLV",43.6971944,16,49,1.02464175255783,-1.00905027841771,31.6631101397151,45.7187017001546,-2,-2,-6.59025160045819,7.87719298245614
"231",283,"J15","NYLV",43.6971944,17,49,1.02287264651871,-1.00837131135583,31.7634487528239,45.2379687340349,1728831.83399789,6961.52867349803,166.318221015416,50.4692307692308
"232",285,"J3","NYLV",43.6971944,21,48,1.05037450842856,-1.01858182891626,31.1046205168125,51.490411628191,4395046.97287625,-4417.88829545292,272.814973122965,128.362903225806
"233",287,"E9","ONNO",45.4319444,13,NA,1.02095547604801,-1.00785576121611,27.6780981369629,37.6816976127321,30317887.2083069,15385.7140365207,478.034873170544,197.072580645161
"234",288,"I20","ONWH",45.49,11,44,1.05169725167279,-1.01933693372961,23.4824852403574,35.0831295843521,19142.2587404618,-256.978602116516,36.8565618598186,19.5416666666667
"235",289,"B20","ONEC",47.6908056,8,40,1.05275147521086,-1.01900688075129,15.2093866692149,27.7297297297297,176990.934762298,1986.55423823594,47.1056500187467,15.4935897435897
"236",290,"G11","ONPG",44.5948889,21,39,1.04819255614592,-1.01799924491546,27.2170530728832,40.9205718824464,-2,-2,-58.6230036395364,3.51818181818182
"237",291,"L8","NYSC",42.5230556,29,39,1.05963635677911,-1.02120695801346,31.090995302908,52.765211166786,7013.64379077594,-264.557216977337,24.6768168641123,13.8421052631579
"238",293,"S3","NJPT",40.34025,34,42,1.05115759741229,-1.01880090138358,35.0026502851919,57.3225190839695,56657170.5944587,-7165.03024895496,604.350195858613,283.174603174603
"239",294,"G8","ONPG",44.5948889,13,54,1.04088916051731,-1.01487440098826,27.9897173662618,41.2959641255605,7256996.63803869,21457.9385745794,158.970005881634,55.7380952380952
"240",295,"P2","NJHP",41.3128333,11,58,1.03541849490016,-1.01311728990333,36.1304987345765,51.3129584352078,20897992.1936399,44951.0598764641,317.279538036075,84.8295454545455
"241",296,"F20","ONRO",45.2627778,62,9,22.3093208615118,-4.64453653205868,2.66762515595758,66.7916666666667,539328576.905585,296614.521798148,1015.79653333921,387.772151898734
"242",297,"M17","NYCH",42.2382222,16,44,1.06197914145845,-1.02194326463626,26.4506773528381,44.8765008576329,-2,-2,-231.460877726123,1.06976744186047
"243",298,"P5","NJHP",41.3128333,33,39,1.32393101980898,-1.12184379379531,27.8437233589723,57.2219178082192,21552059.1108967,49550.0632990702,306.822653775869,93.7738095238095
"244",299,"G1","ONPG",44.5948889,17,34,1.01929313132998,-1.00692692886661,22.346917200987,33.7405063291139,-2,-2,-84.4313979966414,2.64102564102564
"245",300,"G2","ONPG",44.5948889,17,32,1.5261345286422,-1.19302821785227,14.2458901097223,32.6013986013986,61622273.5931008,65273.789817206,517.021075867727,173
"246",303,"H1","ONDM",44.4933889,16,39,1.04520635408402,-1.01728835802775,22.56751879634,32.6534541336353,80408380.9518346,84548.0769436853,499.902804674138,174.457746478873
"247",304,"B7","ONEC",47.6908056,17,25,1.31896936878171,-1.1054702481359,13.099444327062,32.3156565656566,64316.5286288877,-388.870969781611,62.043188681046,29.8076923076923
"248",305,"H9","ONDM",44.4933889,17,40,1.0491630168308,-1.01821130839678,25.3799408780506,39.197265625,125080361.248565,100296.869907316,713.577010869367,255.963235294118
"249",306,"F4","ONRO",45.2627778,20,34,1.02950559370146,-1.01122507387833,24.340357003928,34.7407407407407,131845.069528746,-1236.98485634258,70.5672931852624,44.1774193548387
"250",307,"P9","NJHP",41.3128333,60,29,1.63587931417542,-1.22991270369102,28.0674611892702,72.4409448818898,303946689.701153,208036.501723161,840.256194566948,341.416666666667
"251",309,"J12","NYLV",43.6971944,29,34,1.20122576673126,-1.07148921316465,26.6467503833338,52.8071646341463,-2,-2,-310.368253968254,0.777777777777778
"252",311,"A11","ONTI",48.4789167,8,55,1.03075769162532,-1.01137158949816,25.684101265082,36.6723163841808,167003136.912076,58357.6742533779,852.615759220262,349.1796875
"253",313,"I17","ONWH",45.49,9,44,1.02055336433351,-1.00760272309225,16.2248394469609,23.1666666666667,1052010160.18226,226613.485369339,1567.44723696479,621.015625
"254",314,"I9","ONWH",45.49,18,30,1.12274898000682,-1.0459145030763,18.8114742906415,33.1048951048951,266270.48837081,-1058.86423855604,153.058842363945,43.8947368421053
"255",315,"J7","NYLV",43.6971944,25,39,1.10541340355255,-1.03869279337124,27.5152979801704,49.389089897022,20231778.4710771,-45383.9245836057,430.383800916267,250.967741935484
"256",316,"P6","NJHP",41.3128333,20,59,1.03759864804082,-1.01420732101928,38.7996165274556,53.0895983522142,472039.855889809,-3462.15314726864,147.255599450535,64.4081632653061
"257",317,"A14","ONTI",48.4789167,21,40,1.12478833323586,-1.04819502058952,25.4074745271122,39.65,99651188.4247014,23331.0636237164,667.697131586854,310.921875
"258",319,"F17","ONRO",45.2627778,23,NA,1.55724501498495,-1.20211798859582,9.00527515930744,27.6551724137931,43015707.3705861,64927.885398051,482.000769644566,144.72972972973
"259",320,"G3","ONPG",44.5948889,24,NA,1.04446087036192,-1.01672970464392,27.8930208760728,42.6078431372549,19674519.098319,19977.2202895261,423.091424570792,163.346153846154
"260",321,"T14","MDDB",38.7526111,59,19,4.3010508321647,-1.96866556051939,11.2329141335325,69.0387596899225,2148164.57085102,-12600.3745593996,283.291111860214,107.852272727273
"261",322,"L4","NYSC",42.5230556,33,34,1.13897705330878,-1.05094642892157,29.8189609745274,53.6637168141593,18524630.3452797,32574.5245167686,335.528201107797,152.273684210526
"262",324,"J13","NYLV",43.6971944,18,49,1.03980627905457,-1.01458853584965,31.7807170422226,48.2628571428571,987159.299067757,-7616.31334114474,165.591410934627,90.0363636363636
"263",325,"A5","ONTI",48.4789167,9,NA,1.02130991345321,-1.00783280231096,29.0354090021445,39.1795580110497,831785.189651728,5216.31165958343,97.0180239986306,30.8863636363636
"264",326,"M14","NYCH",42.2382222,17,49,1.04285517948998,-1.01596439970604,29.8406324841342,43.9845288326301,1164963918.09276,442055.99126204,1593.68091184863,548.391304347826
"265",327,"J19","NYLV",43.6971944,16,49,1.05971802207492,-1.02225846894495,32.0852471131472,47.6390520134228,210149015.268001,220361.051594325,617.732072494536,173.440476190476
"266",329,"P15","NJHP",41.3128333,23,57,1.04985613319327,-1.01840973753636,37.813863033066,57.287059456551,72034.2375970345,-943.418107445117,60.800722796004,35.7966101694915
"267",330,"S6","NJPT",40.34025,28,41,2.49703320287843,-1.53685144622956,12.5858585858586,51.3333333333333,126466.255433547,-582.629470817663,70.4238034910945,40.84375
"268",332,"F19","ONRO",45.2627778,16,NA,1.09426654370151,-1.03347097979964,11.6927374922243,23.4193548387097,8945.0634332051,-195.767228820674,12.2241943845067,15.1929824561403
"269",334,"L3","NYSC",42.5230556,8,59,1.66676969277763,-1.25101889708673,22.8856235110173,51.1954887218045,-2,-2,-172.829570857607,1.38636363636364
"270",335,"L19","NYSC",42.5230556,21,54,1.06574418023042,-1.02444003878084,33.9086923769985,53.6824183460737,29659922.1573787,45251.7634302073,450.453845400641,144.297101449275
"271",336,"F10","ONRO",45.2627778,11,NA,1.05332187768747,-1.01925818380331,12.3991645320197,20.7142857142857,265176.212253931,-3945.38206600433,91.1973338575852,61.1929824561403
"272",340,"P10","NJHP",41.3128333,37,38,1.29127957815581,-1.10448091328177,26.6968619191534,66.5614035087719,144578838.956593,127497.407385853,774.786043521886,234.5
"273",341,"A16","ONTI",48.4789167,9,44,1.01989031562194,-1.00739739718726,23.2018162068876,31.8586723768737,22836155.2776152,21714.581645892,419.033882614355,163.109375
"274",342,"I2","ONWH",45.49,17,NA,1.07504330686576,-1.02810720233915,12.2764795470484,23.5116279069767,36187948.1619,45351.3569927935,512.080899323,163.907692307692
"275",343,"F9","ONRO",45.2627778,21,34,1.34361879887755,-1.12765062993535,19.9099579340678,40.1176470588235,146926464.21788,131234.492439769,727.936461136988,223.796875
"276",344,"M8","NYCH",42.2382222,20,52,1.03543720404305,-1.01297399973672,33.8678110212654,49.27699991812,110053223.53875,111018.561545018,669.483458776629,228.173333333333
"277",345,"G19","ONPG",44.5948889,13,48,2.88012392548493,-1.62167934216496,10.3547345724152,41.3211678832117,-2,-2,489.431438070648,-0.511627906976744
"278",346,"G17","ONPG",44.5948889,17,40,1.07374323714185,-1.02687138237001,17.0709727170067,29.4474474474474,-2,-2,-7.63015078466001,6.16304347826087
"279",348,"E5","ONNO",45.4319444,17,27,1.04137438092624,-1.01474786316591,17.4205269605317,29.8294573643411,-2,-2,477.526109414301,-0.522727272727273
"280",349,"H4","ONDM",44.4933889,21,39,1.02508223978154,-1.00895366997813,27.0341396794951,42.5508947469694,328216676.065752,193142.901643936,817.18764114063,362.987012987013
"281",351,"M17","NYCH",42.2382222,30,59,4.86014392122207,-2.12272222000825,5.3743961352657,38.3333333333333,-2,-2,-98.3279442625646,2.4406779661017
"282",352,"L9","NYSC",42.5230556,30,34,1.20256292701584,-1.07148050746271,18.018833819242,40,6569485590.39529,1788132.99071834,2159.20685295537,673.013157894737
"283",353,"H10","ONDM",44.4933889,16,39,1.19513578002321,-1.07175462040738,22.1097513759025,40.4949494949495,377092209.191052,271908.251112102,1007.04519737106,282.789855072464
"284",354,"J7","NYLV",43.6971944,34,34,1.18180027039422,-1.06574857463875,23.4190840510401,49.4665629860031,46069550.1735381,68719.6978800524,402.896215261223,144.132530120482
"285",355,"L5","NYSC",42.5230556,30,40,1.19461978380078,-1.07006144565697,28.7293191928125,54.9708879184862,-2,-2,-67.2533296545352,3.34545454545455
"286",357,"H11","ONDM",44.4933889,16,45,1.01985098370062,-1.00715655088923,29.2498065863486,43.6193467336683,11104.1032025987,107.825978649803,10.5945814561218,10.8367346938776
"287",359,"M7","NYCH",42.2382222,21,40,1.07997447453857,-1.02897033713917,26.4042729045026,44.9317711922812,25297.7304949549,-25.8065696577362,51.9034582564988,16.8648648648649
"288",361,"H14","ONDM",44.4933889,16,44,1.08044971011806,-1.02991273776775,27.803786446045,44.6006546644845,1067672.58828843,-3376.99999942167,162.643655045764,82.7068965517241
"289",362,"E2","ONNO",45.4319444,17,NA,1.03001500880847,-1.01064035413638,16.6972676444402,27.5434782608696,2141934.64414242,4769.77861068012,144.463784068256,64.9296875
"290",363,"S14","NJPT",40.34025,62,NA,1.25213078105738,-1.07915592079249,20.1371882699247,68.7961165048544,17711983.3676849,39268.3271700268,338.268118180292,86.25
"291",364,"G19","ONPG",44.5948889,14,39,1.24486993279388,-1.08629616011482,21.1481920610383,41.4468085106383,77054719.8504696,4549.50778493407,687.759925785671,291.733333333333
"292",367,"B19","ONEC",47.6908056,17,NA,1.25603688324962,-1.08740914880353,7.31189843277565,19.8787878787879,163286581.322878,53120.9718874027,781.333669168017,339.328125
"293",368,"S12","NJPT",40.34025,49,34,1.2324307349263,-1.0851510996636,30.1446421633313,61.0892018779343,23200793.8796525,-16262.7941209888,500.495103157391,215.885964912281
"294",369,"H10","ONDM",44.4933889,17,44,1.03307580071783,-1.01217726571958,29.5039021566502,43.4099691963036,109632413.210176,118683.98108503,546.807800399371,187.730769230769
"295",370,"H11","ONDM",44.4933889,11,60,1.06582384814282,-1.02498348616472,26.5052095268661,37.7751060820368,680886.031515516,-1542.32830000719,167.259134992433,63.234693877551
"296",371,"S3","NJPT",40.34025,37,49,1.13431305593811,-1.04836522348628,36.0748530032222,64.9780146568954,55457022.2694367,90014.3227973888,385.592429533317,114.900793650794
"297",372,"P5","NJHP",41.3128333,43,35,1.05181500541182,-1.01945311612589,37.1808588745382,59.1104631789404,2141921.07131677,-10023.9536203416,254.059922774629,108.602040816327
"298",373,"F12","ONRO",45.2627778,17,32,1.0351792946051,-1.01304409059455,15.481191885038,25.8461538461538,-2,-2,-5.31897067662172,6.72115384615385
"299",374,"L6","NYSC",42.5230556,16,62,1.01940397495072,-1.00709757163493,34.9474354571557,51.0465509944985,-2,-2,-552.613352162925,0.451612903225806
"300",375,"F13","ONRO",45.2627778,23,16,1.24725019796293,-1.08329433420848,10.5195181703358,29.0869565217391,27684589.4424115,12541.7190721444,451.196147787984,198.146153846154
"301",376,"G13","ONPG",44.5948889,17,44,1.20919672879102,-1.07941732738052,24.6937400301329,44.4954337899543,3483623.30246519,6999.20521285815,185.66231118101,97.3170731707317
"302",377,"J13","NYLV",43.6971944,29,41,1.18457624478165,-1.06746603811087,26.1984344565034,53.1397360036413,1139418.73042688,-7720.98732131946,168.539359895317,95.5762711864407
"303",378,"A1","ONTI",48.4789167,18,43,1.0487238811072,-1.01799439091621,27.9762824896015,43.5454545454545,21678368.8231805,40185.3627248907,383.521882544938,113.789855072464
"304",379,"P3","NJHP",41.3128333,20,45,1.24465690331804,-1.09325325290576,28.6513672706564,52.6881067961165,273820100.882725,-126677.086766518,982.843458537199,551.727272727273
"305",380,"E9","ONNO",45.4319444,16,35,1.07460345526622,-1.02770083067052,21.5511969556052,35.2950819672131,115448234.846633,103263.328913227,700.195065283008,236.085714285714
"306",381,"M3","NYCH",42.2382222,22,44,1.07527291240166,-1.02664652541746,28.1617807533611,49.2659604924134,36574302.4557355,48556.6732405053,439.007788090754,158.035714285714
"307",383,"A2","ONTI",48.4789167,11,50,1.02032566941024,-1.00758082181504,28.1205389379274,37.8872987477639,1364110.88692327,-6878.14747739742,181.517703681226,98.4137931034483
"308",385,"P16","NJHP",41.3128333,23,55,1.04310930002312,-1.01574558859202,36.0057154989032,54.652461297617,39726834.1116659,74834.3485430592,349.364928249933,99.9801587301587
"309",386,"L11","NYSC",42.5230556,65,3,0,0,0,65,30678478.7197205,8184.99445025169,430.342995711879,201.609375
"310",387,"E7","ONNO",45.4319444,3,47,0,0,0,3,NA,NA,NA,NA
"311",388,"I7","ONWH",45.49,63,22,1.02828874095093,-1.01085393745112,44.4404762174177,72.1428571428571,NA,NA,NA,NA
"312",390,"G6","ONPG",44.5948889,8,53,1.03481215476727,-1.01286258957204,23.5011410548287,36.4515841142347,NA,NA,NA,NA
"313",391,"T10","MDDB",38.7526111,30,44,1.11592522151665,-1.04294974063514,32.6249353191092,58.6885245901639,NA,NA,NA,NA
"314",392,"H13","ONDM",44.4933889,13,50,1.06440425365982,-1.023412269779,27.1195007384858,47.4956663735712,NA,NA,NA,NA
"315",394,"I9","ONWH",45.49,17,20,1.13536946176471,-1.04845469306007,11.1353190167549,25.6432926829268,NA,NA,NA,NA
"316",395,"G6","ONPG",44.5948889,11,48,1.0182990977278,-1.00674632507675,26.6469937109204,36.0448861814684,NA,NA,NA,NA
"317",397,"E20","ONNO",45.4319444,8,35,1.03099520329628,-1.01112275025021,17.2230908347281,26.7147335423197,NA,NA,NA,NA
"318",399,"H5","ONDM",44.4933889,13,48,1.04508563326746,-1.01657368167654,25.2165559313293,38.6226462465478,NA,NA,NA,NA
"319",400,"E8","ONNO",45.4319444,11,49,1.07648982998157,-1.0285798690058,25.626341517661,38.1604375569736,NA,NA,NA,NA
"320",402,"P10","NJHP",41.3128333,43,28,1.07738937540357,-1.02813504998595,29.4047783915148,55.1230916030534,NA,NA,NA,NA
"321",403,"H18","ONDM",44.4933889,14,50,1.05281921208529,-1.01892210534369,26.7457426019703,43.3503752345216,NA,NA,NA,NA
"322",404,"B8","ONEC",47.6908056,8,35,1.02884365699468,-1.01046789803424,17.5064542257834,28.4336468129572,NA,NA,NA,NA
"323",405,"S14","NJPT",40.34025,49,NA,1.01850920892325,-1.0068502428816,50.7330733718635,72.5888077858881,NA,NA,NA,NA
"324",406,"S7","NJPT",40.34025,41,38,1.11414417623206,-1.04058199782458,32.2247513627028,60.0129310344828,NA,NA,NA,NA
"325",407,"E13","ONNO",45.4319444,9,44,1.0181836857064,-1.00659902857551,23.7384965373991,33.7952047952048,NA,NA,NA,NA
"326",408,"T10","MDDB",38.7526111,37,48,1.11764093942374,-1.04320375598918,35.8786783161048,62.2121771217712,NA,NA,NA,NA
"327",410,"F10","ONRO",45.2627778,23,44,1.04527756024469,-1.01622309192429,29.2166873794378,49.9055159672737,NA,NA,NA,NA
"328",411,"T6","MDDB",38.7526111,17,62,1.06284950147229,-1.02291917035138,36.8943570807169,56.9725526075023,NA,NA,NA,NA
"329",412,"F6","ONRO",45.2627778,28,34,0,0,0,28,NA,NA,NA,NA
"330",413,"E2","ONNO",45.4319444,18,43,1.01625689824327,-1.00618055765888,25.5380096612996,35.5641025641026,NA,NA,NA,NA
"331",414,"H19","ONDM",44.4933889,13,39,1.03875174450134,-1.01425696933382,24.7691029191022,37.6958174904943,NA,NA,NA,NA
"332",415,"F5","ONRO",45.2627778,11,49,1.04435725251836,-1.0164558980375,26.014694634833,37.7085334318434,NA,NA,NA,NA
"333",416,"F4","ONRO",45.2627778,21,34,1.03866361864461,-1.01448130117474,21.9430892421358,32.9811320754717,NA,NA,NA,NA
"334",417,"B6","ONEC",47.6908056,8,35,1.19835480290323,-1.07050075528568,10.2256621593743,25.4477611940299,NA,NA,NA,NA
"335",421,"B11","ONEC",47.6908056,16,NA,0,0,0,16,NA,NA,NA,NA
"336",422,"P3","NJHP",41.3128333,28,39,1.09822142740878,-1.03541628499782,28.5818031883284,53.2110885045778,NA,NA,NA,NA
"337",423,"G20","ONPG",44.5948889,11,43,1.01025844907072,-1.00379548380532,25.0017719260297,32.5351506456241,NA,NA,NA,NA
"338",424,"J4","NYLV",43.6971944,8,65,1.0198979908435,-1.00730377336158,20.3883521839086,29.1940298507463,NA,NA,NA,NA
"339",425,"L19","NYSC",42.5230556,30,45,1.07774782867633,-1.027821341658,30.815232775064,57.4500818330606,NA,NA,NA,NA
"340",427,"L19","NYSC",42.5230556,14,49,1.02723748462967,-1.01011940782583,30.9936973444811,42.6538461538462,NA,NA,NA,NA
"341",428,"J1","NYLV",43.6971944,32,34,1.08109734602888,-1.02964187718858,27.0263127945107,51.0115914786967,NA,NA,NA,NA
"342",430,"A19","ONTI",48.4789167,18,45,1.06371924526578,-1.02357615038228,26.1849107620353,41.9918970448046,NA,NA,NA,NA
"343",431,"M10","NYCH",42.2382222,24,39,1.08497678117064,-1.03124209420007,26.7588362365837,49.8504672897196,NA,NA,NA,NA
"344",432,"G5","ONPG",44.5948889,13,50,1.13624684544622,-1.04770932608183,20.8343991317404,40.8730434782609,NA,NA,NA,NA
"345",434,"M1","NYCH",42.2382222,24,49,1.05812499977262,-1.02089260293253,30.8562176710015,52.0918367346939,NA,NA,NA,NA
"346",436,"P2","NJHP",41.3128333,37,NA,0,0,0,37,NA,NA,NA,NA
"348",441,"S5","NJPT",40.34025,61,NA,1.24141504720751,-1.08655949257507,32.8215840034687,81.1304347826087,NA,NA,NA,NA
"349",442,"L1","NYSC",42.5230556,16,35,0,0,0,16,NA,NA,NA,NA
"350",446,"G18","ONPG",44.5948889,16,NA,0,0,0,16,NA,NA,NA,NA
"351",447,"J17","NYLV",43.6971944,21,50,1.06553784579508,-1.0241948474022,33.249373002496,50.9639704557737,NA,NA,NA,NA
"352",448,"B14","ONEC",47.6908056,13,52,1.06433336774377,-1.02368188396051,18.2452569684491,28.8857142857143,NA,NA,NA,NA
"353",449,"T6","MDDB",38.7526111,53,NA,0,0,0,53,NA,NA,NA,NA
"354",450,"J18","NYLV",43.6971944,20,51,1.19766370669407,-1.07445898710502,29.1405242670563,52.6707710348871,NA,NA,NA,NA
"355",451,"T13","MDDB",38.7526111,28,47,1.14864455402008,-1.05341233314517,28.1070848107658,55.2138477261114,NA,NA,NA,NA
"356",452,"J17","NYLV",43.6971944,22,65,1.10651262404891,-1.03930750544357,36.5924973677136,59.0529387244685,NA,NA,NA,NA
"357",454,"I14","ONWH",45.49,14,39,1.04823539093521,-1.01773160033874,20.8418928170212,31.9347826086957,NA,NA,NA,NA
"358",456,"J5","NYLV",43.6971944,28,39,1.19060704069611,-1.07160950360863,29.450355294787,53.2083333333333,NA,NA,NA,NA
"359",459,"E15","ONNO",45.4319444,23,40,1.09584507372379,-1.03419141756982,16.5866960428663,32.2056074766355,NA,NA,NA,NA
"360",460,"T6","MDDB",38.7526111,21,48,1.03937918822695,-1.01432282607059,33.7227934588771,49.893018018018,NA,NA,NA,NA
"361",462,"B18","ONEC",47.6908056,11,32,1.29267464519859,-1.10839306717384,8.77858153185487,20.4274809160305,NA,NA,NA,NA
"362",463,"M12","NYCH",42.2382222,21,48,1.01429427346875,-1.00527722059506,34.3458554452017,46.0155279503106,NA,NA,NA,NA
"363",466,"G7","ONPG",44.5948889,17,40,1.0348974890623,-1.01296465136648,26.1699519649627,37.8551941238195,NA,NA,NA,NA
"364",467,"H6","ONDM",44.4933889,18,45,1.23297987731028,-1.09157263061231,26.5563014184562,43.6071428571429,NA,NA,NA,NA
"365",468,"P20","NJHP",41.3128333,28,43,1.22755877918273,-1.079027938246,26.0028176725011,54.3964313421257,NA,NA,NA,NA
"366",469,"M1","NYCH",42.2382222,14,45,1.06089683919087,-1.02287957952322,25.729978198941,39.8430646539447,NA,NA,NA,NA
"367",472,"E6","ONNO",45.4319444,17,36,1.0362417728739,-1.01330767416009,24.9036329215009,37.0471698113207,NA,NA,NA,NA
"368",473,"M14","NYCH",42.2382222,16,45,1.02698590791872,-1.00994868430685,29.8152857987572,44.0284989264103,NA,NA,NA,NA
"369",474,"H9","ONDM",44.4933889,13,49,1.07808055416306,-1.02931025812578,28.3653631363487,43.9309551208285,NA,NA,NA,NA
"370",475,"G9","ONPG",44.5948889,16,39,1.03164450930485,-1.01169915126202,25.8098374895107,39.4981759221727,NA,NA,NA,NA
"371",476,"H12","ONDM",44.4933889,22,53,1.13169552819598,-1.04879003826291,33.399450433694,56.3640726774083,NA,NA,NA,NA
"372",479,"B5","ONEC",47.6908056,8,40,1.07547723659058,-1.02808147453323,18.7103640896691,31.0493630573248,NA,NA,NA,NA
"373",480,"P18","NJHP",41.3128333,16,60,1.06888857997996,-1.02587085775409,36.4426741594316,55.3865458347856,NA,NA,NA,NA
"374",481,"E19","ONNO",45.4319444,8,41,1.03285694916386,-1.01216628527001,19.0075410658159,28.6735266604303,NA,NA,NA,NA
"375",482,"F15","ONRO",45.2627778,16,27,1.86398177362046,-1.30742667684579,12.0853876327098,35.2207792207792,NA,NA,NA,NA
"376",483,"P12","NJHP",41.3128333,25,NA,0,0,0,25,NA,NA,NA,NA
"377",484,"A9","ONTI",48.4789167,14,49,1.04926290987578,-1.01811354364488,28.7998330121287,43.8299845440495,NA,NA,NA,NA
"378",485,"J10","NYLV",43.6971944,21,58,1.01084454137385,-1.00397296154846,34.4867744777622,46.9775840597758,NA,NA,NA,NA
"379",486,"E13","ONNO",45.4319444,13,48,1.02675250627639,-1.01013691410136,26.6501199183863,36.8139329805996,NA,NA,NA,NA
"380",487,"P12","NJHP",41.3128333,38,30,1.1435378988673,-1.05119510140081,27.4008099403119,54.5772251308901,NA,NA,NA,NA
"381",489,"M20","NYCH",42.2382222,10,57,1.03086706938708,-1.01151698132066,28.2897984112544,41.1836874571624,NA,NA,NA,NA
"382",490,"J10","NYLV",43.6971944,29,39,1.06412520979527,-1.0233983436902,31.638620913556,54.042270531401,NA,NA,NA,NA
"383",491,"J9","NYLV",43.6971944,24,43,1.10480056708326,-1.03830853216489,30.3340481287578,51.126747857465,NA,NA,NA,NA
"384",492,"L18","NYSC",42.5230556,18,50,1.04902964566969,-1.01813659016598,30.7774532548771,47.7441912421805,NA,NA,NA,NA
"385",493,"H8","ONDM",44.4933889,17,40,1.01776950735394,-1.00655279224794,23.970484555716,33.6486486486487,NA,NA,NA,NA
"386",494,"J19","NYLV",43.6971944,11,50,1.02718878907202,-1.00976225367761,28.6577985829037,42.5644932671864,NA,NA,NA,NA
"387",495,"T20","MDDB",38.7526111,24,67,1.06057987496841,-1.02187295158865,39.633726074213,62.8371607515658,NA,NA,NA,NA
"388",496,"A16","ONTI",48.4789167,13,47,1.01724275277573,-1.00623685041147,22.6686847434309,34.1867027444917,NA,NA,NA,NA
