"Num","Fam","Pop","Lat","Start","Duration","Veg","PC1","HinfW","TotFlwr","Peak","Var","Skew","Kurt"
1,"B2","ONEC",47.6908056,8,30,78,-1.8007579,0,118,23.6779661016949,219.700290682105,-1.08063922734707,1.23769441688142
2,"F16","ONRO",45.2627778,23,26,115,0.17131012,4.14,377,40.1750663129974,951.415831991683,-1.01894399834116,1.0513887411116
3,"L3","NYSC",42.5230556,22,49,124,0.37448777,32.78,3212,53.7372353673724,1796.24213322403,-1.01396620750944,1.03879969073617
4,"J9","NYLV",43.6971944,21,40,121,0.22745151,55.66,4197,47.2354062425542,1394.7671555292,-1.01876318369492,1.05171347022186
5,"H3","ONDM",44.4933889,13,41,113,-0.4818867,28.17,5407,39.6016275198816,964.444273018354,-1.02985181446432,1.08020142639284
8,"A13","ONTI",48.4789167,11,50,91,-1.2429111,19.91,1376,40.2114825581395,1077.12266080175,-1.0252951722135,1.06707493778001
9,"T15","MDDB",38.7526111,43,34,119,1.4777038,7.53,403,58.0124069478908,2243.03317236923,-1.00840777154331,1.0228834776885
10,"J6","NYLV",43.6971944,28,44,123,0.70219999,17.06,1231,56.663688058489,1857.48940527876,-1.07097579338422,1.18617003771818
13,"H20","ONDM",44.4933889,13,47,82,-1.386606,32.21,4978,41.0403776617115,1091.79396645659,-1.03095189579402,1.08106437313614
14,"T2","MDDB",38.7526111,41,27,120,1.38792272,4.75,199,54.0150753768844,1465.70167978348,-1.10046532758116,1.26838978504566
15,"T20","MDDB",38.7526111,51,27,121,2.01193507,1.05,42,59.3333333333333,1746.73275024295,-1.03018781623526,1.08415655357521
16,"A8","ONTI",48.4789167,8,53,80,-1.7423889,3.67,625,29.056,590.502887481344,-1.003395701357,1.00918794000205
18,"I16","ONWH",45.49,13,48,95,-1.0072076,4.9,439,36.6902050113895,854.346556831084,-1.02894875372893,1.07767218249062
19,"L1","NYSC",42.5230556,21,40,119,0.16908252,30.53,3081,46.1655306718598,1279.98255200675,-1.02549174551607,1.06925870799567
20,"P17","NJHP",41.3128333,34,44,153,1.9346315,67.04,3248,58.5150862068966,1828.08641727033,-1.02673875686607,1.07743660299626
21,"A19","ONTI",48.4789167,14,39,90,-1.0936473,18.02,1706,35.2250879249707,843.831201342169,-1.01364651090812,1.03683424353468
22,"E8","ONNO",45.4319444,11,45,95,-1.1261732,30.64,3174,28.846565847511,458.39423833277,-1.03650690319448,1.10119769171646
23,"F13","ONRO",45.2627778,16,38,112,-0.3326229,5.59,656,37.8673780487805,897.538433591965,-1.0176184125435,1.04796470916305
25,"E1","ONNO",45.4319444,13,20,92,-1.0947611,NA,12,21.3333333333333,275.381944444444,-1.01264775696984,1.03460334223937
26,"A12","ONTI",48.4789167,18,43,NA,NA,NA,58,34.2068965517241,730.38363606544,-1.02506843769334,1.06673853531689
27,"J6","NYLV",43.6971944,21,40,108,-0.1519469,15.76,1369,49.0314097881665,1270.98052630053,-1.02521470431513,1.0731475237343
28,"J5","NYLV",43.6971944,33,36,141,1.5249348,11.07,383,55.1671018276762,1316.07748408308,-1.13836611598891,1.37887578848503
29,"A13","ONTI",48.4789167,16,39,92,-0.9163127,2.77,311,36.9967845659164,946.710608040211,-1.02319998128696,1.06063135870889
31,"I5","ONWH",45.49,13,70,NA,NA,15.72,574,48.2787456445993,1879.27278607065,-1.0054087642636,1.01423511072434
32,"B5","ONEC",47.6908056,16,60,94,-0.8579437,0.86,131,24.2824427480916,241.631370794154,-1.05877758699323,1.16886653045505
33,"A4","ONTI",48.4789167,17,43,88,-0.9735679,6.29,566,39.8268551236749,1177.00200541032,-1.00578229715301,1.01560363553972
34,"P16","NJHP",41.3128333,17,55,117,-0.1272176,46.25,5169,50.7724898432966,1772.84302880615,-1.01408886028048,1.03801701390781
35,"M12","NYCH",42.2382222,18,54,134.5,0.44299381,56.43,1759,45.3365548607163,1421.21529205868,-1.01627604822359,1.04331520269059
36,"J20","NYLV",43.6971944,48,24,151,2.70902151,7.16,252,57.3650793650794,1675.450180866,-1.03937834867091,1.10848953924867
37,"I1","ONWH",45.49,14,60,81,-1.3563077,NA,4,19,147.4375,-1.06628343541898,1.17963995995602
38,"P17","NJHP",41.3128333,37,32,134,1.55857449,6.63,405,58.2716049382716,1728.11702004174,-1.03613766067632,1.09754540115414
39,"T2","MDDB",38.7526111,28,39,116,0.49790854,10.98,622,49.8086816720257,1614.33644712951,-1.01844411890763,1.05018822006221
41,"I20","ONWH",45.49,13,60,66,-1.8535579,NA,121,27.2148760330579,357.613239397345,-1.08137335154068,1.23049527241122
42,"I13","ONWH",45.49,14,43,95,-0.9477248,19.71,1069,39.9541627689429,1110.50323333848,-1.01636088594983,1.04389548534171
43,"A8","ONTI",48.4789167,16,39,86,-1.0914197,29.6,1501,35.9966688874084,832.694550394272,-1.03393000221897,1.08853182478918
44,"I7","ONWH",45.49,14,39,101,-0.7726179,3.55,358,30.4245810055866,653.495997882601,-1.008076008826,1.02179863436719
49,"P1","NJHP",41.3128333,22,48,129,0.52041024,15.26,1240,58.2782258064516,1970.29729809286,-1.04612400964691,1.12295662332977
50,"L6","NYSC",42.5230556,35,34,112,0.79755006,11.09,1093,55.2973467520586,1361.61270227192,-1.0919980486276,1.26345894486456
51,"G12","ONPG",44.5948889,22,44,144,0.95817764,NA,5579,44.603513174404,1194.38595476888,-1.02082870886233,1.05653914872233
52,"T7","MDDB",38.7526111,16,39,85,-1.1206042,1.36,379,34.1398416886544,845.038280920924,-1.00427867009814,1.01164765650274
53,"A8","ONTI",48.4789167,9,51,83,-1.5953527,3.85,492,27.2215447154472,510.400781035466,-1.01059934454972,1.02859829432556
54,"H16","ONDM",44.4933889,15,34,93,-0.946611,12.37,1349,32.6315789473684,705.817401366586,-1.01162009151213,1.03160240061751
55,"S11","NJPT",40.34025,32,40,123,0.94013113,26.29,1513,57.5948446794448,1979.58415944332,-1.03240235637295,1.08822336141766
56,"I11","ONWH",45.49,16,60,94,-0.8579437,0.06,39,28.6923076923077,454.402434295925,-1.02359402643404,1.06506656834903
58,"J1","NYLV",43.6971944,37,34,130,1.44183651,0.56,80,54.125,1709.1976015625,-1.02225125591375,1.05989066581506
59,"J8","NYLV",43.6971944,22,39,147,1.04573112,38.74,2443,44.4887433483422,1251.0364844298,-1.01356828759388,1.03737564801114
61,"G5","ONPG",44.5948889,16,44,108,-0.4493608,15.47,3368,40.4492280285036,1048.20276389405,-1.01543807296981,1.04267744197264
64,"B8","ONEC",47.6908056,17,60,95,-0.7692765,6.42,568,31.7447183098592,621.68561781617,-1.0225096024867,1.06118567466577
65,"A6","ONTI",48.4789167,10,46,91,-1.3023939,26.89,2729,35.8427995602785,768.999583978875,-1.02550354222173,1.06838763999758
66,"G14","ONPG",44.5948889,9,46,116,-0.6322644,45.91,9114,36.5800965547509,928.099132529971,-1.00743560504331,1.02057279181714
68,"H19","ONDM",44.4933889,16,45,110,-0.3909918,23.39,2535,37.3333333333333,990.111958525226,-1.01028203911064,1.02789116471285
69,"J11","NYLV",43.6971944,28,35,131,0.93567594,5.91,325,48.4461538461538,1504.50154082112,-1.02044886918668,1.05457099631182
70,"P1","NJHP",41.3128333,21,48,121,0.22745151,32.62,3451,49.8104897131266,1597.69035712293,-1.02514076054067,1.06800789352645
71,"P1","NJHP",41.3128333,52,37,157,3.12205961,0.19,23,74.1739130434783,3539.34034683981,-1.0077513789088,1.0212567890693
72,"J12","NYLV",43.6971944,11,50,120,-0.3965608,28.79,3270,46.2905198776758,1353.99832003631,-1.02614246119764,1.07133091880652
73,"P6","NJHP",41.3128333,41,34,136,1.85487461,4.17,280,55.0178571428571,1590.25893663448,-1.0579309900794,1.1591447988506
75,"F2","ONRO",45.2627778,16,51,69,-1.5875561,0,13,23.3076923076923,252.081929904415,-1.08553164168105,1.22590030013502
76,"L13","NYSC",42.5230556,20,49,104,-0.3281677,15.82,2531,51.5665744764915,1684.04908135688,-1.03675066982029,1.09754521353363
77,"H4","ONDM",44.4933889,17,39,105,-0.4774315,9.97,825,33.4969696969697,776.061196188441,-1.01078076595406,1.02912783979048
78,"H13","ONDM",44.4933889,13,50,103,-0.7737317,25.62,2404,35.7267054908486,835.582585141128,-1.01907692816473,1.0511013428248
80,"M13","NYCH",42.2382222,21,44,144,0.89869485,46.53,5131,46.9160007795751,1467.71266554016,-1.01379781601301,1.03683140916792
81,"G1","ONPG",44.5948889,11,50,116,-0.5132988,4.57,387,35.5478036175711,849.734378332814,-1.02261210519727,1.06009557195174
83,"A18","ONTI",48.4789167,8,55,95,-1.3046215,16.57,1677,34.9827072152654,801.099795541153,-1.0168201888429,1.04558934510899
84,"L20","NYSC",42.5230556,59,14,95,1.72900052,0.16,4,61.5,712.6875,-1.34083409971267,2.01784289308654
85,"A16","ONTI",48.4789167,10,45,96,-1.1564715,10.18,1433,35.1709699930216,741.23190154928,-1.03136124210771,1.08353336612391
86,"T11","MDDB",38.7526111,9,61,NA,NA,37.82,1172,51.1629692832765,1703.27535464993,-1.03770892537986,1.10171886959796
88,"I8","ONWH",45.49,18,22,94,-0.7389782,NA,200,33.2,660.8204445,-1.01066450910824,1.02999791047106
90,"S10","NJPT",40.34025,11,75,NA,NA,7.03,214,54.7616822429907,1247.90388000666,-1.16641187324248,1.46344396163581
91,"A12","ONTI",48.4789167,8,55,94,-1.333806,21.46,2551,41.6005488043904,1192.37799870362,-1.03226825013533,1.08316694693001
93,"G2","ONPG",44.5948889,16,39,98.5,-0.7266135,17.06,2365,36.3742071881607,834.51531047473,-1.03805462553901,1.09936875263603
94,"P4","NJHP",41.3128333,18,49,92,-0.7973472,21,3400,45.9882352941177,1475.00367213678,-1.00878938593368,1.02400524377016
95,"G12","ONPG",44.5948889,11,50,109,-0.7175903,14.94,2332,37.4858490566038,958.997579072528,-1.02247158677929,1.05997418173544
97,"S1","NJPT",40.34025,63,23,144,3.39697184,0.67,215,95.1395348837209,6445.51330051442,-1.01077383210341,1.0292233792622
98,"H17","ONDM",44.4933889,8,60,84,-1.625651,9.27,1015,30.1674876847291,653.381679790404,-1.00340245821965,1.00926220436477
99,"S8","NJPT",40.34025,38,34,162,2.43522309,1.61,58,58.6896551724138,1796.72034523761,-1.05084397919922,1.14086823571872
100,"G7","ONPG",44.5948889,8,46,78,-1.8007579,5.63,864,28.2372685185185,547.133900408325,-1.00374525866254,1.01002378865463
102,"P11","NJHP",41.3128333,29,45,130,0.96597423,18.66,1736,53.63133640553,1886.35633632724,-1.01662892865375,1.04573518296545
103,"B7","ONEC",47.6908056,16,60,79.5,-1.2811189,0,101,25.3564356435644,282.004026007934,-1.02490532894505,1.0675857939204
104,"T14","MDDB",38.7526111,32,40,159,1.99077289,42.86,1418,56.5063469675599,2058.50649901266,-1.0170551124407,1.04599289885433
106,"M2","NYCH",42.2382222,21,49,129,0.46092745,38.96,3940,46.4365482233503,1533.75028368521,-1.00555379611717,1.01521346807748
108,"P13","NJHP",41.3128333,35,34,152,1.9649298,9.16,363,58.6363636363636,1308.33259167731,-1.15651044393751,1.42843530421707
111,"H18","ONDM",44.4933889,13,48,96,-0.9780231,15.25,2167,42.1855099215505,1151.33130409015,-1.03442639865503,1.09101553786491
112,"H6","ONDM",44.4933889,11,44,121,-0.3673763,23.8,4347,34.695652173913,876.129484616562,-1.00632088372268,1.01728924538407
113,"A6","ONTI",48.4789167,9,60,75,-1.8288286,4.11,544,28.4669117647059,599.58158033772,-1.00848043746378,1.02250288483777
114,"B17","ONEC",47.6908056,16,39,95,-0.8287592,NA,178,25.0168539325843,395.181476242218,-1.00772567366511,1.02048274744461
115,"L13","NYSC",42.5230556,11,49,98.5,-1.0240274,24.02,2276,40.1102811950791,1031.29490160042,-1.01719212677513,1.04733150538094
116,"A14","ONTI",48.4789167,9,40,77,-1.7704596,9.23,838,30.0739856801909,676.042974870371,-1.00522653070725,1.01414616133779
117,"H5","ONDM",44.4933889,11,33,84,-1.4472026,7.72,996,26.5722891566265,465.831127322956,-1.01578162735735,1.04215076803569
118,"E20","ONNO",45.4319444,11,29,68,-1.9141545,0,430,22.8023255813954,291.934324311067,-1.02994124462419,1.07906204671236
119,"P11","NJHP",41.3128333,38,34,150,2.08500917,3.8,269,60.0631970260223,1485.11718274991,-1.09046699352004,1.2587508907523
120,"M8","NYCH",42.2382222,17,44,119,-0.0688486,37.63,3359,36.9955343852337,920.990655235772,-1.0117656960327,1.032363801558
121,"H12","ONDM",44.4933889,11,49,94,-1.1553577,13.12,1472,33.4592391304348,866.081126002618,-1.00352030329606,1.00952667125689
123,"M2","NYCH",42.2382222,16,49,100,-0.6828368,NA,2935,37.4787052810903,1024.9302742725,-1.00824828612172,1.02200922813745
124,"T4","MDDB",38.7526111,43,31,128,1.74036424,7.11,469,56.4221748400853,1989.38014450691,-1.02360941805604,1.06350006170409
125,"G4","ONPG",44.5948889,11,52,110,-0.6884058,9.03,1254,31.9808612440191,721.518769857424,-1.01069229511287,1.02866129434515
126,"G20","ONPG",44.5948889,21,44,108,-0.1519469,20.6,2342,42.6759180187874,1158.86192807477,-1.02349180479777,1.06373420083385
127,"I18","ONWH",45.49,21,27,76,-1.0858507,NA,35,26.1428571428571,288.931778425656,-1.03750761107361,1.10204792964315
128,"S16","NJPT",40.34025,21,64,98,-0.4437918,7.74,433,53.378752886836,2211.15959946017,-1.00801363292632,1.02141947161445
129,"F12","ONRO",45.2627778,13,33,100,-0.8612851,6.51,500,29.42,547.584922512,-1.01499043174638,1.04143627039924
130,"B11","ONEC",47.6908056,8,60,70,-2.0342339,3.78,389,19.7352185089974,220.854356481393,-1.01161604351595,1.03236323935222
131,"M16","NYCH",42.2382222,11,43,117,-0.4841143,101.79,10674,36.7888326775342,930.616446144929,-1.01357357155421,1.03683329423271
132,"I11","ONWH",45.49,22,22,80,-0.9096299,0,16,28.875,308.8857421875,-1.18014885371653,1.50162467334941
133,"S16","NJPT",40.34025,43,28,138,2.03220917,4.09,150,57.7,1547.1242,-1.07919613487522,1.21764946401852
134,"E7","ONNO",45.4319444,9,44,73,-1.8871976,6.72,952,28.5483193277311,559.913843137817,-1.01649103333873,1.04408058420994
135,"F11","ONRO",45.2627778,21,34,87,-0.7648213,1.45,124,38.258064516129,1015.124505933,-1.00793111570023,1.02165556928425
136,"B16","ONEC",47.6908056,13,60,93,-1.0655766,NA,178,26.7078651685393,376.402271943873,-1.0326935664868,1.0922370809407
138,"F15","ONRO",45.2627778,16,32,77.5,-1.3394879,1.29,143,33.3426573426573,774.389021023478,-1.00509609851892,1.01398011539703
139,"G16","ONPG",44.5948889,16,36,106,-0.5077298,11.6,1233,33.7615571776156,777.778609718246,-1.00993749329043,1.02690008845286
140,"P15","NJHP",41.3128333,19,44,108,-0.2709125,21.94,2405,46.1392931392931,1454.16907079682,-1.01351686367357,1.03660645116482
141,"T3","MDDB",38.7526111,37,39,137,1.64612797,8.02,447,61.0044742729307,1744.35608838656,-1.0935587182293,1.25389481757873
142,"L8","NYSC",42.5230556,21,40,107,-0.1811314,27.44,2329,42.6702447402319,1211.86354035254,-1.00871014621966,1.02395888036751
143,"M6","NYCH",42.2382222,21,40,111,-0.0643934,28.35,1884,44.3890658174098,1326.0246800696,-1.01465045319357,1.03970745306152
144,"P9","NJHP",41.3128333,21,48,114,0.02316005,8.67,499,49.8476953907816,1755.07410230922,-1.02083085031271,1.05423059463723
145,"S13","NJPT",40.34025,54,33,122,2.21956792,1.5,65,71.6923076923077,2547.75970141102,-1.06422685570684,1.17677867981385
146,"E17","ONNO",45.4319444,13,36,82,-1.386606,4,389,34.5038560411311,819.889020512736,-1.01390772107393,1.03649623489664
147,"B15","ONEC",47.6908056,8,31,73,-1.9466804,NA,584,23.8133561643836,333.137549846191,-1.01884918691681,1.05237147591186
148,"S20","NJPT",40.34025,37,35,137,1.64612797,25.23,1092,61.8534798534799,1765.11348134416,-1.06506530873189,1.18265859048198
149,"G14","ONPG",44.5948889,11,45,90,-1.2720956,NA,1537,30.8373454782043,647.673588675819,-1.02937210434045,1.07659168923698
150,"S10","NJPT",40.34025,52,25,173,3.58901151,NA,50,64.4,2649.861792,-1.01208500217814,1.03299212726866
151,"S15","NJPT",40.34025,43,34,147,2.29486961,NA,1099,59.8334849863512,1725.99417519095,-1.06639942733686,1.19112376274462
152,"T1","MDDB",38.7526111,16,30,100,-0.6828368,NA,1091,34.2172318973419,737.341942751826,-1.03053252727219,1.07974025393946
153,"H15","ONDM",44.4933889,8,37,109.5,-0.8814464,43.97,3167,32.1221976634039,676.064786670142,-1.0139247213565,1.03747477884807
154,"J11","NYLV",43.6971944,17,70,123,0.04788935,0.13,706,60.9305949008499,2313.5543676342,-1.03767523599528,1.10271501755943
155,"L7","NYSC",42.5230556,21,48,116,0.08152904,15.79,1785,46.6806722689076,1451.33999288578,-1.01924415806988,1.05133574448844
156,"G17","ONPG",44.5948889,21,34,83,-0.8815592,0.78,187,39.1818181818182,1017.01937590865,-1.00993152621774,1.02723866470374
158,"G9","ONPG",44.5948889,9,46,89,-1.4202457,24.14,3162,35.7536369386464,966.839851270388,-1.00582788552777,1.01566404500235
159,"S7","NJPT",40.34025,36,29,131,1.41153822,3.45,165,53.8787878787879,1619.4108578902,-1.02008750551517,1.05532680027322
160,"M18","NYCH",42.2382222,11,44,111,-0.6592213,53.37,4401,38.0756646216769,909.080637690334,-1.02090977539686,1.05711336415167
161,"M4","NYCH",42.2382222,18,47,117,-0.0677348,16.21,899,43.2280311457175,1334.71190127941,-1.01145881855982,1.03043052005953
162,"M9","NYCH",42.2382222,16,55,117.5,-0.1721081,19.71,1238,44.2794830371567,1437.0857088239,-1.01539006950096,1.04035123129019
163,"F5","ONRO",45.2627778,21,34,92,-0.6188988,NA,89,41.7303370786517,1038.12573886228,-1.05254734889224,1.13781915642222
164,"H20","ONDM",44.4933889,16,45,105,-0.5369143,20.26,1610,40.8136645962733,1135.36451953798,-1.02462041636881,1.06468783772089
165,"A6","ONTI",48.4789167,13,42,85,-1.2990525,5.37,685,32.4671532846715,762.561877834743,-1.00538500463522,1.01449389532345
166,"I10","ONWH",45.49,18,30,68,-1.497775,5.16,21,24.6666666666667,208.497138537955,-1.07980921760307,1.24931522016698
167,"T11","MDDB",38.7526111,29,55,117,0.58657582,33,1367,57.3979517190929,2234.56034537462,-1.02174373516422,1.05859154461004
168,"S9","NJPT",40.34025,28,59,126,0.78975347,33.78,1554,59.9240669240669,2391.24402981278,-1.01700710631884,1.04681069355825
169,"E10","ONNO",45.4319444,11,38,82,-1.5055716,NA,843,28.9003558718861,586.774621140714,-1.00826138393789,1.0224189419793
170,"L7","NYSC",42.5230556,22,49,91,-0.5886005,3.02,230,54.8260869565217,1857.7077550752,-1.0615008439137,1.16003762099368
171,"I15","ONWH",45.49,11,45,82,-1.5055716,5.73,577,28.8596187175043,586.197817363207,-1.00900304642424,1.02443865502786
172,"H16","ONDM",44.4933889,9,60,95,-1.2451387,24.92,3771,34.8963139750729,896.575094173128,-1.00533391151426,1.01451851264162
174,"F18","ONRO",45.2627778,21,57,112,-0.0352089,99.49,6697,52.0900403165597,1890.9019313071,-1.01150811808095,1.03109259778443
175,"G3","ONPG",44.5948889,23,35,111,0.05457214,17.28,1487,45.3873570948218,912.079260145348,-1.18414117761848,1.49165595920468
176,"E16","ONNO",45.4319444,17,24,94,-0.798461,2.07,169,24.9289940828402,367.391596394222,-1.01763209099808,1.04711210872018
177,"E11","ONNO",45.4319444,11,44,86,-1.3888336,4.36,334,32.2425149700599,694.393884852118,-1.02148291521492,1.0579319295823
178,"F1","ONRO",45.2627778,16,20,107.5,-0.4639531,1.09,98,25.8979591836735,300.564985677736,-1.05487466700838,1.15407975675363
179,"I13","ONWH",45.49,10,34,84,-1.5066854,4.48,438,25.9246575342466,392.79184986822,-1.02797746874916,1.07619350179987
180,"M20","NYCH",42.2382222,31,34,105,0.35532747,70.75,5359,49.1153200223922,1132.68335729355,-1.03720847200813,1.10474458580036
181,"H18","ONDM",44.4933889,23,41,105,-0.1205348,0.81,118,37.5762711864407,940.380575667425,-1.01001400282255,1.02741974518894
182,"G11","ONPG",44.5948889,11,48,121,-0.3673763,27.1,2426,38.477328936521,1051.46624634667,-1.01267923778161,1.03430555235213
184,"P4","NJHP",41.3128333,23,44,122,0.37560157,14.82,1739,48.5089131684876,1532.45602410691,-1.01222973106914,1.03417153298237
185,"S11","NJPT",40.34025,43,33,173.5,3.06825869,4.14,145,59.8275862068965,2133.17668129075,-1.03694688029429,1.09890769272623
186,"A1","ONTI",48.4789167,13,60,99,-0.8904696,3.51,562,33.729537366548,840.526086834345,-1.00336807872597,1.00915771568942
188,"J4","NYLV",43.6971944,24,39,120,0.37671537,13.2,1319,50.3836239575436,1549.1492785207,-1.02291451761347,1.06404531906191
189,"P6","NJHP",41.3128333,21,44,123,0.28582049,36.16,1377,48.1895424836601,1298.29758437485,-1.0824965012054,1.21482569690761
190,"E18","ONNO",45.4319444,13,60,100,-0.8612851,4.97,555,31.2162162162162,602.0696630597,-1.02857658135832,1.07662086323295
191,"J2","NYLV",43.6971944,30,34,96,0.03318424,0.43,51,40.1960784313725,861.733420780846,-1.01741500448891,1.04715314753795
193,"M7","NYCH",42.2382222,13,49,118,-0.3359643,31.19,2180,41.5619266055046,1169.4097216878,-1.01782706071011,1.0479618784576
194,"L9","NYSC",42.5230556,16,49,104,-0.5660988,46.39,3014,43.5547445255474,1336.27151437211,-1.00710836127952,1.01956279843461
195,"P13","NJHP",41.3128333,33,46,160,2.07944017,51.13,2290,58.4170305676856,2184.14521696231,-1.03063291813802,1.08103373735702
198,"E1","ONNO",45.4319444,8,34,90,-1.450544,0.55,160,25.375,340.879703125,-1.04786589744702,1.13012531832184
201,"P14","NJHP",41.3128333,21,48,119,0.16908252,10.87,1762,51.1816118047673,1574.2541131963,-1.05335039295369,1.14339792791343
202,"J9","NYLV",43.6971944,24,44,146,1.1355122,53.97,3681,50.8038576473784,1602.52563258685,-1.01613164248702,1.04470328830976
203,"H14","ONDM",44.4933889,16,39,104,-0.5660988,4.58,1280,38.23828125,878.478078486919,-1.02723867038021,1.07539436137556
204,"G8","ONPG",44.5948889,17,44,107,-0.4190625,21.59,1696,41.6698113207547,1253.81890794403,-1.00726822101867,1.01976953545262
205,"G15","ONPG",44.5948889,8,60,103,-1.0711456,21.06,1980,34.0732323232323,797.755739335117,-1.0101105908286,1.02739212361809
206,"A15","ONTI",48.4789167,17,40,91,-0.8860144,1.55,415,33.1566265060241,705.260317425895,-1.02003192576193,1.05397688097229
207,"M2","NYCH",42.2382222,35,45,125,1.17694848,14.74,933,60.096463022508,2159.26507247801,-1.03868768856599,1.10441970547602
208,"M18","NYCH",42.2382222,16,39,115,-0.2450694,30.91,2586,37.3244392884764,911.916889274201,-1.00932467857533,1.02615116780155
210,"M15","NYCH",42.2382222,56,23,NA,NA,NA,28,67.7857142857143,1419.55867346939,-1.28280698169952,1.78774525146976
211,"B17","ONEC",47.6908056,11,60,NA,NA,7.61,12,16,68,-1.00836343742412,1.02187192959973
212,"A4","ONTI",48.4789167,18,60,96,-0.6806092,2.23,360,31.7222222222222,670.496920438957,-1.00979265682087,1.02657974181137
213,"E11","ONNO",45.4319444,17,26,89,-0.9443834,3.75,531,31.6798493408663,635.364942211192,-1.02405637413766,1.06331415499778
214,"B20","ONEC",47.6908056,8,60,80,-1.7423889,3.68,1602,31.9107365792759,626.89597929372,-1.01823582712312,1.05090823481312
215,"H17","ONDM",44.4933889,17,40,112,-0.2731401,8.46,655,39.4503816793893,1016.41057299549,-1.01308418394698,1.03559147251701
217,"P19","NJHP",41.3128333,20,44,113,-0.0655072,60.62,3890,44.5899742930591,1272.53111535066,-1.02068884898963,1.05636728077062
219,"T9","MDDB",38.7526111,61,29,184,4.445386,3.46,44,74.4090909090909,3394.41035875282,-1.0107417908371,1.0286885592954
221,"A18","ONTI",48.4789167,17,35,98,-0.681723,5.09,1124,35.6877224199288,820.922058388486,-1.03602559628354,1.09405137788465
222,"I6","ONWH",45.49,18,60,90,-0.8557161,NA,90,30.1666666666667,579.358086419753,-1.01648883871333,1.04491539979688
224,"H8","ONDM",44.4933889,17,38,94,-0.798461,6.48,531,33.9020715630885,792.814491066604,-1.00887986235021,1.02387514364222
225,"B19","ONEC",47.6908056,17,60,89,-0.9443834,0.24,47,24.9787234042553,294.980380069927,-1.04164942140501,1.1181740872702
226,"T12","MDDB",38.7526111,62,60,140,3.22075108,1.53,94,76.8936170212766,3549.60593269314,-1.02365484219107,1.0644817238234
227,"H7","ONDM",44.4933889,21,34,119,0.16908252,4.09,496,39.7802419354839,955.143052122167,-1.01844572555042,1.05104313930282
228,"H3","ONDM",44.4933889,8,61,96,-1.275437,27.92,4496,36.6143238434164,946.037997149656,-1.01035138961722,1.02753312197453
229,"M13","NYCH",42.2382222,17,54,108,-0.389878,35.27,2969,46.7019198383294,1596.13616801878,-1.01033281264199,1.02771440812975
230,"I12","ONWH",45.49,16,39,89,-1.0038662,4.89,561,38.0320855614973,926.626024518188,-1.02395981679988,1.0640756416012
231,"T10","MDDB",38.7526111,31,60,118,0.73472588,7.16,355,57.8450704225352,2304.40069943645,-1.01863510749225,1.04946866756607
232,"H1","ONDM",44.4933889,11,50,121,-0.3673763,45.08,3597,38.5243258270781,967.197546497477,-1.01355085343673,1.03747343167302
233,"M4","NYCH",42.2382222,13,50,128,-0.0441193,72,9724,44.5410324969149,1379.19259157216,-1.01426017267325,1.03825557607196
234,"A2","ONTI",48.4789167,17,44,103,-0.5358005,11.39,1322,39.5756429652042,1128.20918650192,-1.00580423296826,1.01587727884473
235,"F18","ONRO",45.2627778,16,39,112,-0.3326229,1.98,130,32.6153846153846,527.877137005007,-1.06749194547763,1.19126817541613
236,"E19","ONNO",45.4319444,19,60,120,0.07930144,4.74,298,43.2953020134228,1214.4568490929,-1.00822103527419,1.02209120678821
237,"E5","ONNO",45.4319444,17,40,99,-0.6525385,1.49,137,31.1970802919708,732.261036116006,-1.00291803085487,1.0077938827398
239,"F6","ONRO",45.2627778,30,33,105,0.29584468,0,5,34,283.2,-1.00515237958569,1.01383702001341
240,"M9","NYCH",42.2382222,21,44,136,0.66521891,70.33,5610,43.6729055258467,1227.05172874413,-1.00780485120766,1.02173848169374
241,"J15","NYLV",43.6971944,21,48,163,1.45320023,79.11,5902,49.2192477126398,1632.4137560447,-1.01846888758631,1.04862039782696
242,"A15","ONTI",48.4789167,9,60,96,-1.2159543,3.85,581,40.1617900172117,1089.28164423151,-1.01801947976532,1.04857147501934
244,"S7","NJPT",40.34025,33,43,161,2.10862467,38.62,3511,60.2842495015665,1985.82658597932,-1.0633944612173,1.17242240396505
245,"S18","NJPT",40.34025,41,39,162,2.61367144,36.29,2377,60.3521245267143,1980.47511240247,-1.03264661489799,1.08990312135376
246,"G13","ONPG",44.5948889,13,60,113,-0.4818867,5.2,404,37.9009900990099,1022.53789466015,-1.00763629544195,1.02067765666896
247,"I17","ONWH",45.49,16,44,107,-0.4785453,NA,39,20.6153846153846,51.7723495001601,-2.4560211707511,6.48402357603123
249,"F7","ONRO",45.2627778,17,32,106,-0.448247,3.86,291,35.2474226804124,826.64642413203,-1.01336173680834,1.03592835258953
250,"S12","NJPT",40.34025,51,39,176,3.6170822,8.87,535,74.8598130841121,3045.50412872691,-1.01060479441263,1.02972768616105
251,"B3","ONEC",47.6908056,16,60,93,-0.8871282,0.47,64,25.609375,409.982418060303,-1.01364656029001,1.03597107071756
253,"G18","ONPG",44.5948889,11,50,116,-0.5132988,26.83,2567,37.8134008570316,925.809533242084,-1.02401716462451,1.06447220791994
256,"M6","NYCH",42.2382222,17,44,118,-0.0980331,59.47,4902,42.7374541003672,1249.08120745707,-1.01436961692175,1.03844790584078
258,"G15","ONPG",44.5948889,11,49,116,-0.5132988,41.14,4401,40.0093160645308,1142.43305299232,-1.00358961754068,1.00999993072982
259,"S15","NJPT",40.34025,51,15,189.5,4.01107286,36.49,765,65.5816993464052,2150.04382124187,-1.0414555688488,1.1155672544752
260,"M11","NYCH",42.2382222,21,44,141,0.81114137,92.65,9022,44.8300820217247,1400.56040939276,-1.00872643157772,1.02363135178128
261,"A13","ONTI",48.4789167,13,60,108,-0.6278092,31.5,4353,40.1238226510453,1073.3192297131,-1.01674437105194,1.04521035124212
262,"T8","MDDB",38.7526111,8,39,NA,NA,NA,518,31.3108108108108,502.602627822044,-1.03721281806539,1.09874965653916
263,"B3","ONEC",47.6908056,8,40,80,-1.7423889,2.52,381,28.4330708661417,557.847929444474,-1.00777280616689,1.02134762993361
264,"I2","ONWH",45.49,8,40,72,-1.9758649,4.58,576,27.9479166666667,504.420872367786,-1.01175143557943,1.03237859245434
266,"L9","NYSC",42.5230556,17,54,134,0.36891878,43.55,3986,49.4347717009533,1649.35287182966,-1.01443551645007,1.03889890591014
267,"J14","NYLV",43.6971944,16,52,130,0.19269802,4.72,9153,42.7682726974762,1265.27352535376,-1.00940367661999,1.02564667732003
268,"E14","ONNO",45.4319444,24,27,100,-0.2069745,1.74,174,36.5574712643678,814.875867877595,-1.0125917160874,1.03430469965661
269,"B2","ONEC",47.6908056,8,35,86,-1.567282,8.04,654,27.9847094801223,471.938482558792,-1.01615474895493,1.0445340113439
270,"L14","NYSC",42.5230556,35,38,130,1.32287094,17.45,1564,59.3158567774936,1835.60854037787,-1.04351641590555,1.12331322106073
271,"M5","NYCH",42.2382222,22,44,145,0.98736213,36.12,3444,47.8144599303136,1464.81545339565,-1.01442428494726,1.03956193969791
274,"T7","MDDB",38.7526111,32,47,138,1.37789853,38.23,1787,57.5595970900951,1577.39128788871,-1.11061636232578,1.30200196095839
275,"G3","ONPG",44.5948889,13,49,100,-0.8612851,25.9,4188,42.3708213944604,1234.22135603198,-1.01624089624001,1.04334061655126
276,"A20","ONTI",48.4789167,9,32,107,-0.8949248,7.79,941,32.6928799149841,510.425636727221,-1.04013149495487,1.11326888767696
277,"P20","NJHP",41.3128333,41,49,167,2.75959391,28.82,2712,63.6069321533923,2745.27809625809,-1.01623665945286,1.04365817201481
278,"H15","ONDM",44.4933889,13,38,109,-0.5986247,4.16,1104,38.2807971014493,968.293261863818,-1.03339335003568,1.08554280307172
279,"F8","ONRO",45.2627778,29,31,113,0.46983784,0,4,32.75,201.984375,-1.54361865743315,2.64177662728365
280,"M19","NYCH",42.2382222,11,44,114,-0.5716678,88.47,8664,39.5122345337027,1047.11612618095,-1.0158751079421,1.04271237771457
282,"J14","NYLV",43.6971944,16,49,82,-1.2081577,36.91,3235,45.7187017001546,1447.59628737677,-1.00905027841771,1.02464175255783
283,"J15","NYLV",43.6971944,17,49,130,0.25218081,112.09,9787,45.2379687340349,1436.91390156537,-1.00837131135583,1.02287264651871
285,"J3","NYLV",43.6971944,21,48,158,1.30727776,143.2,8187,51.490411628191,1601.58971394935,-1.01858182891626,1.05037450842856
287,"E9","ONNO",45.4319444,13,60,100,-0.8612851,1.07,377,37.6816976127321,1042.95772449256,-1.00785576121611,1.02095547604801
288,"I20","ONWH",45.49,11,44,85,-1.4180181,1.75,409,35.0831295843521,823.839072650094,-1.01933693372961,1.05169725167279
289,"B20","ONEC",47.6908056,8,40,74,-1.9174959,0,111,27.7297297297297,421.752181692284,-1.01900688075129,1.05275147521086
290,"G11","ONPG",44.5948889,21,39,122,0.256636,9.47,1259,40.9205718824464,1113.73737669727,-1.01799924491546,1.04819255614592
291,"L8","NYSC",42.5230556,29,39,133,1.05352771,14.04,1397,52.765211166786,1640.52293254349,-1.02120695801346,1.05963635677911
293,"S3","NJPT",40.34025,34,42,155,1.99300049,31,2620,57.3225190839695,2006.44008896242,-1.01880090138358,1.05115759741229
294,"G8","ONPG",44.5948889,13,54,117,-0.3651487,7.38,669,41.2959641255605,1155.86236424173,-1.01487440098826,1.04088916051731
295,"P2","NJHP",41.3128333,11,58,111,-0.6592213,13.58,2045,51.3129584352078,1853.96277981065,-1.01311728990333,1.03541849490016
296,"F20","ONRO",45.2627778,62,9,NA,NA,NA,48,66.7916666666667,178.175130208333,-4.64453653205868,22.3093208615118
297,"M17","NYCH",42.2382222,16,44,127,0.10514454,28.33,1749,44.8765008576329,1187.01384490961,-1.02194326463626,1.06197914145845
298,"P5","NJHP",41.3128333,33,39,148,1.72922625,24.45,1825,57.2219178082192,1593.27124952191,-1.12184379379531,1.32393101980898
299,"G1","ONPG",44.5948889,17,34,112,-0.2731401,2.18,316,33.7405063291139,753.996301256087,-1.00692692886661,1.01929313132998
300,"G2","ONPG",44.5948889,17,32,117,-0.1272176,6.44,715,32.6013986013986,464.435941898778,-1.19302821785227,1.5261345286422
303,"H1","ONDM",44.4933889,16,39,112,-0.3326229,15,883,32.6534541336353,736.907439926243,-1.01728835802775,1.04520635408402
304,"B7","ONEC",47.6908056,17,25,93,-0.8276454,0,396,32.3156565656566,423.317144074275,-1.1054702481359,1.31896936878171
305,"H9","ONDM",44.4933889,17,40,107,-0.4190625,4.37,512,39.197265625,994.824284143746,-1.01821130839678,1.0491630168308
306,"F4","ONRO",45.2627778,20,34,135,0.57655163,0.54,135,34.7407407407407,845.602032210537,-1.01122507387833,1.02950559370146
307,"P9","NJHP",41.3128333,60,29,159,3.65629088,5.53,127,72.4409448818898,2033.2334089865,-1.22991270369102,1.63587931417542
309,"J12","NYLV",43.6971944,29,34,131,0.99515872,11.43,1312,52.8071646341463,1407.13933445771,-1.07148921316465,1.20122576673126
311,"A11","ONTI",48.4789167,8,55,86,-1.567282,2.78,531,36.6723163841808,941.895487636424,-1.01137158949816,1.03075769162532
313,"I17","ONWH",45.49,9,44,74,-1.8580131,NA,90,23.1666666666667,375.875447187929,-1.00760272309225,1.02055336433351
314,"I9","ONWH",45.49,18,30,98,-0.6222402,0.12,143,33.1048951048951,622.751883160118,-1.0459145030763,1.12274898000682
315,"J7","NYLV",43.6971944,25,39,182,2.24563674,29.46,3593,49.389089897022,1358.95552548598,-1.03869279337124,1.10541340355255
316,"P6","NJHP",41.3128333,20,59,120,0.13878423,5.6,971,53.0895983522142,2059.85605766255,-1.01420732101928,1.03759864804082
317,"A14","ONTI",48.4789167,21,40,102,-0.3270539,0.3,100,39.65,1007.406365,-1.04819502058952,1.12478833323586
319,"F17","ONRO",45.2627778,23,60,100,-0.2664573,0.23,29,27.6551724137931,249.042437164295,-1.20211798859582,1.55724501498495
320,"G3","ONPG",44.5948889,24,60,112,0.14323942,1.85,510,42.6078431372549,1188.46145811189,-1.01672970464392,1.04446087036192
321,"T14","MDDB",38.7526111,59,19,153,3.42170114,3.05,129,69.0387596899225,775.506459482487,-1.96866556051939,4.3010508321647
322,"L4","NYSC",42.5230556,33,34,138,1.43738132,12.06,1243,53.6637168141593,1600.1962774295,-1.05094642892157,1.13897705330878
324,"J13","NYLV",43.6971944,18,49,128.5,0.26788685,68.79,4375,48.2628571428571,1533.82820650635,-1.01458853584965,1.03980627905457
325,"A5","ONTI",48.4789167,9,60,95,-1.2451387,2.76,362,39.1795580110497,1137.59449137408,-1.00783280231096,1.02130991345321
326,"M14","NYCH",42.2382222,17,49,NA,NA,58.89,7110,43.9845288326301,1312.52615988232,-1.01596439970604,1.04285517948998
327,"J19","NYLV",43.6971944,16,49,120,-0.0991469,37.18,4768,47.6390520134228,1528.51075608675,-1.02225846894495,1.05971802207492
329,"P15","NJHP",41.3128333,23,57,142,0.95929144,25.47,3717,57.287059456551,2166.24501985713,-1.01840973753636,1.04985613319327
330,"S6","NJPT",40.34025,28,41,130,0.90649144,0,3,51.3333333333333,646.074074074074,-1.53685144622956,2.49703320287843
332,"F19","ONRO",45.2627778,16,60,80.5,-1.2519344,6.08,62,23.4193548387097,273.836368366285,-1.03347097979964,1.09426654370151
334,"L3","NYSC",42.5230556,8,59,NA,NA,5.44,665,51.1954887218045,1171.64068034975,-1.25101889708673,1.66676969277763
335,"L19","NYSC",42.5230556,21,54,124,0.31500499,10.4,1439,53.6824183460737,1820.30060975035,-1.02444003878084,1.06574418023042
336,"F10","ONRO",45.2627778,11,60,97,-1.0678042,0.55,70,20.7142857142857,256.839836734694,-1.01925818380331,1.05332187768747
340,"P10","NJHP",41.3128333,37,38,153,2.11307986,1.93,57,66.5614035087719,1776.98059861874,-1.10448091328177,1.29127957815581
341,"A16","ONTI",48.4789167,9,44,111,-0.7781869,1.74,467,31.8586723768737,739.179061083671,-1.00739739718726,1.01989031562194
342,"I2","ONWH",45.49,17,60,83,-1.1194904,0,43,23.5116279069767,288.640019117814,-1.02810720233915,1.07504330686576
343,"F9","ONRO",45.2627778,21,34,114,0.02316005,0.65,51,40.1176470588235,798.740665354954,-1.12765062993535,1.34361879887755
344,"M8","NYCH",42.2382222,20,52,131,0.45981366,90.42,12213,49.27699991812,1668.9041209218,-1.01297399973672,1.03543720404305
345,"G19","ONPG",44.5948889,13,48,103,-0.7737317,3.01,822,41.3211678832117,427.869725652863,-1.62167934216496,2.88012392548493
346,"G17","ONPG",44.5948889,17,40,92,-0.8568299,1.78,333,29.4474474474474,502.696571960863,-1.02687138237001,1.07374323714185
348,"E5","ONNO",45.4319444,17,27,94,-0.798461,0.71,258,29.8294573643411,519.644866233535,-1.01474786316591,1.04137438092624
349,"H4","ONDM",44.4933889,21,39,119,0.16908252,24.41,5197,42.5508947469694,1150.32683207706,-1.00895366997813,1.02508223978154
351,"M17","NYCH",42.2382222,30,59,118,0.6752431,6.36,12,38.3333333333333,206.018518518519,-2.12272222000825,4.86014392122207
352,"L9","NYSC",42.5230556,30,34,110,0.44176715,0,35,40,720.753352769679,-1.07148050746271,1.20256292701584
353,"H10","ONDM",44.4933889,16,39,120,-0.0991469,0.5,99,40.4949494949495,895.333265313063,-1.07175462040738,1.19513578002321
354,"J7","NYLV",43.6971944,34,34,NA,NA,29.28,643,49.4665629860031,1158.46159628527,-1.06574857463875,1.18180027039422
355,"L5","NYSC",42.5230556,30,40,126,0.90871904,24.82,1374,54.9708879184862,1579.27618532251,-1.07006144565697,1.19461978380078
357,"H11","ONDM",44.4933889,16,45,100,-0.6828368,14.25,1592,43.6193467336683,1275.85745538267,-1.00715655088923,1.01985098370062
359,"M7","NYCH",42.2382222,21,40,144,0.89869485,18.39,2902,44.9317711922812,1186.39074864366,-1.02897033713917,1.07997447453857
361,"H14","ONDM",44.4933889,16,44,94,-0.8579437,21.7,2444,44.6006546644845,1240.06707764512,-1.02991273776775,1.08044971011806
362,"E2","ONNO",45.4319444,17,60,75,-1.3529663,0.75,184,27.5434782608696,459.900828380558,-1.01064035413638,1.03001500880847
363,"S14","NJPT",40.34025,62,60,147,3.42504253,1.61,206,68.7961165048544,1385.36035029792,-1.07915592079249,1.25213078105738
364,"G19","ONPG",44.5948889,14,39,96,-0.9185403,0,47,41.4468085106383,876.525066700057,-1.08629616011482,1.24486993279388
367,"B19","ONEC",47.6908056,17,60,NA,NA,NA,66,19.8787878787879,145.351677936389,-1.08740914880353,1.25603688324962
368,"S12","NJPT",40.34025,49,34,173,3.41056315,22.65,852,61.0892018779343,1841.51213065383,-1.0851510996636,1.2324307349263
369,"H10","ONDM",44.4933889,17,44,112,-0.2731401,20.38,3571,43.4099691963036,1280.76348379094,-1.01217726571958,1.03307580071783
370,"H11","ONDM",44.4933889,11,60,100,-0.9802507,14.72,1414,37.7751060820368,1001.23710160398,-1.02498348616472,1.06582384814282
371,"S3","NJPT",40.34025,37,49,158,2.25900233,23.63,1501,64.9780146568954,2344.07232718872,-1.04836522348628,1.13431305593811
372,"P5","NJHP",41.3128333,43,35,158,2.61589904,56.71,6002,59.1104631789404,2197.77778946477,-1.01945311612589,1.05181500541182
373,"F12","ONRO",45.2627778,17,32,125,0.10625834,NA,13,25.8461538461538,400.129267182522,-1.01304409059455,1.0351792946051
374,"L6","NYSC",42.5230556,16,62,122,-0.0407779,38.56,2363,51.0465509944985,1783.94604619064,-1.00709757163493,1.01940397495072
375,"F13","ONRO",45.2627778,23,16,94,-0.4415642,0,23,29.0869565217391,305.980767650201,-1.08329433420848,1.24725019796293
376,"G13","ONPG",44.5948889,17,44,115,-0.1855866,17.62,2190,44.4954337899543,1098.75867453712,-1.07941732738052,1.20919672879102
377,"J13","NYLV",43.6971944,29,41,140,1.25781916,36.14,2197,53.1397360036413,1392.17789072729,-1.06746603811087,1.18457624478165
378,"A1","ONTI",48.4789167,18,43,106,-0.3887642,3.35,330,43.5454545454545,1218.23993750174,-1.01799439091621,1.0487238811072
379,"P3","NJHP",41.3128333,20,45,NA,NA,24.61,2472,52.6881067961165,1509.5862986111,-1.09325325290576,1.24465690331804
380,"E9","ONNO",45.4319444,16,35,107,-0.4785453,1.17,305,35.2950819672131,760.651263039638,-1.02770083067052,1.07460345526622
381,"M3","NYCH",42.2382222,22,44,138,0.78307068,43.61,3493,49.2659604924134,1387.4171779911,-1.02664652541746,1.07527291240166
383,"A2","ONTI",48.4789167,11,50,97,-1.0678042,1.96,559,37.8872987477639,1065.41125968938,-1.00758082181504,1.02032566941024
385,"P16","NJHP",41.3128333,23,55,142,0.95929144,40.11,5749,54.652461297617,1967.80097279681,-1.01574558859202,1.04310930002312
388,"I7","ONWH",45.49,63,22,145,3.42615633,0.31,35,72.1428571428571,3206.0629271137,-1.01085393745112,1.02828874095093
390,"G6","ONPG",44.5948889,8,53,107,-0.9544076,17.77,4482,36.4515841142347,856.653819940584,-1.01286258957204,1.03481215476727
391,"T10","MDDB",38.7526111,30,44,99,0.12073772,14.31,1037,58.6885245901639,1914.70931872805,-1.04294974063514,1.11592522151665
392,"H13","ONDM",44.4933889,13,50,130,0.01424966,94.88,7961,47.4956663735712,1288.05875929294,-1.023412269779,1.06440425365982
394,"I9","ONWH",45.49,17,20,85,-1.0611214,2.17,328,25.6432926829268,285.546244664407,-1.04845469306007,1.13536946176471
395,"G6","ONPG",44.5948889,11,48,120,-0.3965608,27.83,3119,36.0448861814684,960.487855388432,-1.00674632507675,1.0182990977278
397,"E20","ONNO",45.4319444,8,35,75,-1.8883114,9.68,638,26.7147335423197,460.11028242493,-1.01112275025021,1.03099520329628
399,"H5","ONDM",44.4933889,13,48,122,-0.2192263,51.47,3983,38.6226462465478,973.93011929202,-1.01657368167654,1.04508563326746
400,"E8","ONNO",45.4319444,11,49,110,-0.6884058,37.62,2194,38.1604375569736,977.912405298382,-1.0285798690058,1.07648982998157
402,"P10","NJHP",41.3128333,43,28,158,2.61589904,40.1,2096,55.1230916030534,1620.88229284295,-1.02813504998595,1.07738937540357
403,"H18","ONDM",44.4933889,14,50,89,-1.1228318,14.15,2132,43.3503752345216,1159.43797772134,-1.01892210534369,1.05281921208529
404,"B8","ONEC",47.6908056,8,35,60,-2.3260788,13.19,957,28.4336468129572,497.772336403125,-1.01046789803424,1.02884365699468
405,"S14","NJPT",40.34025,49,60,134,2.27236791,29.56,2877,72.5888077858881,3682.65331137755,-1.0068502428816,1.01850920892325
406,"S7","NJPT",40.34025,41,38,NA,NA,42.14,2320,60.0129310344828,1933.90178113324,-1.04058199782458,1.11414417623206
407,"E13","ONNO",45.4319444,9,44,112,-0.7490024,14.87,1001,33.7952047952048,802.247352011662,-1.00659902857551,1.0181836857064
408,"T10","MDDB",38.7526111,37,48,132,1.5002055,6.97,542,62.2121771217712,2232.09069029657,-1.04320375598918,1.11764093942374
410,"F10","ONRO",45.2627778,23,44,155,1.33868985,87.44,7578,49.9055159672737,1458.07385852537,-1.01622309192429,1.04527756024469
411,"T6","MDDB",38.7526111,17,62,100,-0.623354,58.78,4372,56.9725526075023,2101.96569970112,-1.02291917035138,1.06284950147229
413,"E2","ONNO",45.4319444,18,43,101,-0.5346867,4.51,429,35.5641025641026,908.236394877502,-1.00618055765888,1.01625689824327
414,"H19","ONDM",44.4933889,13,39,122,-0.2192263,16.61,526,37.6958174904943,933.691583041745,-1.01425696933382,1.03875174450134
415,"F5","ONRO",45.2627778,11,49,125,-0.2506384,22.62,2707,37.7085334318434,980.975982356797,-1.0164558980375,1.04435725251836
416,"F4","ONRO",45.2627778,21,34,117,0.11071353,7.71,159,32.9811320754717,723.707924438743,-1.01448130117474,1.03866361864461
417,"B6","ONEC",47.6908056,8,35,70,-2.0342339,0,335,25.4477611940299,260.220208682584,-1.07050075528568,1.19835480290323
422,"P3","NJHP",41.3128333,28,39,136,1.0815984,19.73,1966,53.2110885045778,1520.86885907456,-1.03541628499782,1.09822142740878
423,"G20","ONPG",44.5948889,11,43,98,-1.0386197,3.69,697,32.5351506456241,813.436416020911,-1.00379548380532,1.01025844907072
424,"J4","NYLV",43.6971944,8,65,106,-0.9835921,3.61,603,29.1940298507463,595.218162264555,-1.00730377336158,1.0198979908435
425,"L19","NYSC",42.5230556,30,45,140,1.31730195,47.75,3055,57.4500818330606,1770.33764463224,-1.027821341658,1.07774782867633
427,"L19","NYSC",42.5230556,14,49,98,-0.8601713,0.52,26,42.6538461538462,1322.00039827037,-1.01011940782583,1.02723748462967
428,"J1","NYLV",43.6971944,32,34,157,1.93240391,75.84,3192,51.0115914786967,1378.65522744905,-1.02964187718858,1.08109734602888
430,"A19","ONTI",48.4789167,18,45,126,0.19492562,18.39,2098,41.9918970448046,1099.55407684678,-1.02357615038228,1.06371924526578
431,"M10","NYCH",42.2382222,24,39,126,0.55182233,45.92,2140,49.8504672897196,1333.94049052278,-1.03124209420007,1.08497678117064
432,"G5","ONPG",44.5948889,13,50,122,-0.2192263,19.04,2875,40.8730434782609,851.565301555065,-1.04770932608183,1.13624684544622
434,"M1","NYCH",42.2382222,24,49,144,1.07714321,53.07,3430,52.0918367346939,1607.35705316799,-1.02089260293253,1.05812499977262
441,"S5","NJPT",40.34025,61,60,179,4.29946354,NA,115,81.1304347826087,2662.82938045533,-1.08655949257507,1.24141504720751
447,"J17","NYLV",43.6971944,21,50,149,1.04461732,86.66,5551,50.9639704557737,1694.52006337221,-1.0241948474022,1.06553784579508
448,"B14","ONEC",47.6908056,13,52,92,-1.0947611,0.61,175,28.8857142857143,527.027279860058,-1.02368188396051,1.06433336774377
450,"J18","NYLV",43.6971944,20,51,128,0.37226018,130.57,10233,52.6707710348871,1534.8538815067,-1.07445898710502,1.19766370669407
451,"T13","MDDB",38.7526111,28,47,147,1.40262783,56.24,3914,55.2138477261114,1551.90030076652,-1.05341233314517,1.14864455402008
452,"J17","NYLV",43.6971944,22,65,138,0.78307068,25.55,2399,59.0529387244685,2160.89450483087,-1.03930750544357,1.10651262404891
454,"I14","ONWH",45.49,14,39,84,-1.2687542,0,46,31.9347826086957,665.581316265308,-1.01773160033874,1.04823539093521
456,"J5","NYLV",43.6971944,28,39,108,0.26443259,4.75,264,53.2083333333333,1567.00432131012,-1.07160950360863,1.19060704069611
459,"E15","ONNO",45.4319444,23,40,97,-0.3540108,0,107,32.2056074766355,534.184622090816,-1.03419141756982,1.09584507372379
460,"T6","MDDB",38.7526111,21,48,117,0.11071353,64.9,4440,49.893018018018,1682.53194166166,-1.01432282607059,1.03937918822695
462,"B18","ONEC",47.6908056,11,32,87,-1.3596491,0.2,131,20.4274809160305,179.324306711783,-1.10839306717384,1.29267464519859
463,"M12","NYCH",42.2382222,21,48,120,0.19826701,8.91,644,46.0155279503106,1580.442671216,-1.00527722059506,1.01429427346875
466,"G7","ONPG",44.5948889,17,40,92,-0.8568299,7.63,953,37.8551941238195,990.668611844695,-1.01296465136648,1.0348974890623
467,"H6","ONDM",44.4933889,18,45,116,-0.0969193,5.25,840,43.6071428571429,1158.04442971196,-1.09157263061231,1.23297987731028
468,"P20","NJHP",41.3128333,28,43,124,0.73138448,13,1289,54.3964313421257,1414.46048622402,-1.079027938246,1.22755877918273
469,"M1","NYCH",42.2382222,14,45,112,-0.4515884,65,3511,39.8430646539447,1025.16118492499,-1.02287957952322,1.06089683919087
472,"E6","ONNO",45.4319444,17,36,105,-0.4774315,0.79,106,37.0471698113207,922.609117761642,-1.01330767416009,1.0362417728739
473,"M14","NYCH",42.2382222,16,45,126,0.07596005,57.02,5123,44.0284989264103,1312.7222787812,-1.00994868430685,1.02698590791872
474,"H9","ONDM",44.4933889,13,49,134,0.13098764,NA,4345,43.9309551208285,1246.11749492894,-1.02931025812578,1.07808055416306
475,"G9","ONPG",44.5948889,16,39,153,0.86394137,8.43,2467,39.4981759221727,1019.44150168338,-1.01169915126202,1.03164450930485
476,"H12","ONDM",44.4933889,22,53,129,0.52041024,27.2,2917,56.3640726774083,1882.52905163022,-1.04879003826291,1.13169552819598
479,"B5","ONEC",47.6908056,8,40,102,-1.1003301,8,628,31.0493630573248,580.944887554869,-1.02808147453323,1.07547723659058
480,"P18","NJHP",41.3128333,16,60,135,0.33862049,32.15,2869,55.3865458347856,2018.43384267352,-1.02587085775409,1.06888857997996
481,"E19","ONNO",45.4319444,8,41,93,-1.3629905,7.73,1069,28.6735266604303,545.013235499896,-1.01216628527001,1.03285694916386
482,"F15","ONRO",45.2627778,16,27,87,-1.0622352,0,77,35.2207792207792,425.656769609207,-1.30742667684579,1.86398177362046
484,"A9","ONTI",48.4789167,14,49,127,-0.013821,11.07,2588,43.8299845440495,1262.29623579281,-1.01811354364488,1.04926290987578
485,"J10","NYLV",43.6971944,21,58,151,1.10298631,16.47,1606,46.9775840597758,1620.10534697961,-1.00397296154846,1.01084454137385
486,"E13","ONNO",45.4319444,13,48,100,-0.8612851,8.84,1134,36.8139329805996,981.095728600417,-1.01013691410136,1.02675250627639
487,"P12","NJHP",41.3128333,38,30,135,1.64724177,9.85,1528,54.5772251308901,1495.46017288113,-1.05119510140081,1.1435378988673
489,"M20","NYCH",42.2382222,10,57,115,-0.6019661,68.45,7295,41.1836874571624,1165.07821599523,-1.01151698132066,1.03086706938708
490,"J10","NYLV",43.6971944,29,39,149,1.5204796,37.55,3312,54.042270531401,1709.82291065083,-1.0233983436902,1.06412520979527
491,"J9","NYLV",43.6971944,24,43,124,0.49345334,35.53,2217,51.126747857465,1550.88123017521,-1.03830853216489,1.10480056708326
492,"L18","NYSC",42.5230556,18,50,119,-0.0093658,48.46,4476,47.7441912421805,1469.44461414812,-1.01813659016598,1.04902964566969
493,"H8","ONDM",44.4933889,17,40,103,-0.5358005,10.61,1110,33.6486486486487,806.574412753148,-1.00655279224794,1.01776950735394
494,"J19","NYLV",43.6971944,11,50,102,-0.9218817,25.83,2822,42.5644932671864,1219.80467483439,-1.00976225367761,1.02718878907202
495,"T20","MDDB",38.7526111,24,67,132,0.72692929,30.25,2395,62.8371607515658,2490.47081650884,-1.02187295158865,1.06057987496841
496,"A16","ONTI",48.4789167,13,47,100.5,-0.8466929,14.03,2587,34.1867027444917,774.967586932267,-1.00623685041147,1.01724275277573
