"PopCode","Days","FlwrSum"
"ONEC",0,0
"ONEC",1,21.3072809543398
"ONEC",2,42.6145619086796
"ONEC",3,63.9218428630193
"ONEC",4,85.2291238173591
"ONEC",5,106.536404771699
"ONEC",6,127.843685726039
"ONEC",7,149.150966680378
"ONEC",8,170.458247634718
"ONEC",9,200.065528589058
"ONEC",10,229.672809543398
"ONEC",11,259.280090497738
"ONEC",12,293.778280542986
"ONEC",13,328.276470588235
"ONEC",14,418.882352941176
"ONEC",15,509.488235294118
"ONEC",16,600.094117647059
"ONEC",17,703.6
"ONEC",18,803.2
"ONEC",19,980.2
"ONEC",20,1157.2
"ONEC",21,1334.2
"ONEC",22,1482.8
"ONEC",23,1643.6
"ONEC",24,1708.6
"ONEC",25,1773.6
"ONEC",26,1838.6
"ONEC",27,1895.6
"ONEC",28,1966
"ONEC",29,1901.4
"ONEC",30,1836.8
"ONEC",31,1772.2
"ONEC",32,1706.4
"ONEC",33,1615.4
"ONEC",34,1536.4
"ONEC",35,1457.4
"ONEC",36,1378.4
"ONEC",37,1309.4
"ONEC",38,1185
"ONEC",39,983.8
"ONEC",40,782.6
"ONEC",41,581.4
"ONEC",42,385.6
"ONEC",43,232
"ONEC",44,184
"ONEC",45,136
"ONEC",46,88
"ONEC",47,40
"ONEC",48,2.4
"ONEC",49,5.2
"ONEC",50,8
"ONEC",51,10.8
"ONEC",52,13.6
"ONEC",53,17
"ONEC",54,14.2
"ONEC",55,11.4
"ONEC",56,8.6
"ONEC",57,5.8
"ONEC",58,3
"ONEC",59,2.4
"ONEC",60,1.8
"ONEC",61,1.2
"ONEC",62,0.6
"ONEC",63,0
"ONEC",64,0
"ONEC",65,0
"ONEC",66,0
"ONEC",67,0
"ONEC",68,0
"ONEC",69,0
"ONEC",70,0
"ONEC",71,0
"ONEC",72,0
"ONEC",73,0
"ONEC",74,0
"ONEC",75,0
"ONEC",76,0
"ONEC",77,0
"ONEC",78,0
"ONEC",79,0
"ONEC",80,0
"ONEC",81,0
"ONEC",82,0
"ONEC",83,0
"ONEC",84,0
"ONEC",85,0
"ONEC",86,0
"ONEC",87,0
"ONEC",88,0
"ONEC",89,0
"ONEC",90,0
"ONEC",91,0
"ONEC",92,0
"ONEC",93,0
"ONEC",94,0
"ONEC",95,0
"ONEC",96,0
"ONEC",97,0
"ONEC",98,0
"ONEC",99,0
"ONEC",100,0
"ONEC",101,0
"ONEC",102,0
"ONEC",103,0
"ONEC",104,0
"ONEC",105,0
"ONEC",106,0
"ONEC",107,0
"ONEC",108,0
"ONEC",109,0
"ONEC",110,0
"ONEC",111,0
"ONEC",112,0
"ONEC",113,0
"ONEC",114,0
"ONEC",115,0
"ONEC",116,0
"ONEC",117,0
"ONEC",118,0
"ONEC",119,0
"ONEC",120,0
"ONEC",121,0
"ONEC",122,0
"ONEC",123,0
"ONEC",124,0
"ONEC",125,0
"ONRO",0,0
"ONRO",1,7.88043874073499
"ONRO",2,15.76087748147
"ONRO",3,23.641316222205
"ONRO",4,31.52175496294
"ONRO",5,39.402193703675
"ONRO",6,47.2826324444099
"ONRO",7,55.1630711851449
"ONRO",8,63.0435099258799
"ONRO",9,70.9239486666149
"ONRO",10,78.8043874073499
"ONRO",11,86.6848261480849
"ONRO",12,106.947083070638
"ONRO",13,127.209339993191
"ONRO",14,150.133135377283
"ONRO",15,173.056930761375
"ONRO",16,195.980726145466
"ONRO",17,233.829521529558
"ONRO",18,275.666552207767
"ONRO",19,334.303582885976
"ONRO",20,392.940613564186
"ONRO",21,452.727644242395
"ONRO",22,508.581341587271
"ONRO",23,563.035038932147
"ONRO",24,614.801779755284
"ONRO",25,666.56852057842
"ONRO",26,716.535261401557
"ONRO",27,774.702002224694
"ONRO",28,832.468743047831
"ONRO",29,867.035483870968
"ONRO",30,901.967741935484
"ONRO",31,936.2
"ONRO",32,1098.83225806452
"ONRO",33,1261.06451612903
"ONRO",34,1485.69677419355
"ONRO",35,1709.32903225806
"ONRO",36,1933.56129032258
"ONRO",37,2047.7935483871
"ONRO",38,2160.02580645161
"ONRO",39,2384.65806451613
"ONRO",40,2609.89032258065
"ONRO",41,2836.72258064516
"ONRO",42,2968.55483870968
"ONRO",43,3092.38709677419
"ONRO",44,3261.61935483871
"ONRO",45,3430.85161290323
"ONRO",46,3593.68387096774
"ONRO",47,3794.71612903226
"ONRO",48,3997.54838709677
"ONRO",49,3911.58064516129
"ONRO",50,3825.61290322581
"ONRO",51,3743.24516129032
"ONRO",52,3666.07741935484
"ONRO",53,3594.90967741935
"ONRO",54,3482.74193548387
"ONRO",55,3370.57419354839
"ONRO",56,3259.6064516129
"ONRO",57,3114.03870967742
"ONRO",58,2968.47096774194
"ONRO",59,2644.50322580645
"ONRO",60,2320.53548387097
"ONRO",61,1996.56774193548
"ONRO",62,1493
"ONRO",63,998.2
"ONRO",64,790.6
"ONRO",65,583
"ONRO",66,375.4
"ONRO",67,327.6
"ONRO",68,261.8
"ONRO",69,201.6
"ONRO",70,141.4
"ONRO",71,81.2
"ONRO",72,61.2
"ONRO",73,50.4
"ONRO",74,39.6
"ONRO",75,28.8
"ONRO",76,18
"ONRO",77,14.4
"ONRO",78,10.8
"ONRO",79,7.2
"ONRO",80,3.6
"ONRO",81,0
"ONRO",82,0
"ONRO",83,0
"ONRO",84,0
"ONRO",85,0
"ONRO",86,0
"ONRO",87,0
"ONRO",88,0
"ONRO",89,0
"ONRO",90,0
"ONRO",91,0
"ONRO",92,0
"ONRO",93,0
"ONRO",94,0
"ONRO",95,0
"ONRO",96,0
"ONRO",97,0
"ONRO",98,0
"ONRO",99,0
"ONRO",100,0
"ONRO",101,0
"ONRO",102,0
"ONRO",103,0
"ONRO",104,0
"ONRO",105,0
"ONRO",106,0
"ONRO",107,0
"ONRO",108,0
"ONRO",109,0
"ONRO",110,0
"ONRO",111,0
"ONRO",112,0
"ONRO",113,0
"ONRO",114,0
"ONRO",115,0
"ONRO",116,0
"ONRO",117,0
"ONRO",118,0
"ONRO",119,0
"ONRO",120,0
"ONRO",121,0
"ONRO",122,0
"ONRO",123,0
"ONRO",124,0
"ONRO",125,0
"NYSC",0,0
"NYSC",1,5.66180717066594
"NYSC",2,11.3236143413319
"NYSC",3,16.9854215119978
"NYSC",4,22.6472286826638
"NYSC",5,28.3090358533297
"NYSC",6,33.9708430239956
"NYSC",7,39.6326501946616
"NYSC",8,45.2944573653275
"NYSC",9,48.3562645359935
"NYSC",10,51.4180717066594
"NYSC",11,54.4798788773253
"NYSC",12,56.668958775264
"NYSC",13,58.8580386732027
"NYSC",14,64.2471185711413
"NYSC",15,68.8219127547943
"NYSC",16,73.3967069384472
"NYSC",17,98.5965011221002
"NYSC",18,124.502177658694
"NYSC",19,161.074520861955
"NYSC",20,198.246864065216
"NYSC",21,237.919207268477
"NYSC",22,279.362979043166
"NYSC",23,325.288568999674
"NYSC",24,356.014158956181
"NYSC",25,386.939748912689
"NYSC",26,420.665338869196
"NYSC",27,543.790928825704
"NYSC",28,668.316518782211
"NYSC",29,829.042108738719
"NYSC",30,991.533215936606
"NYSC",31,1157.72432313449
"NYSC",32,1582.51543033238
"NYSC",33,2053.30653753027
"NYSC",34,2550.24309927361
"NYSC",35,3053.17966101695
"NYSC",36,3588.43050847458
"NYSC",37,3772.8813559322
"NYSC",38,3998.93220338983
"NYSC",39,4225.98305084746
"NYSC",40,4463.23389830508
"NYSC",41,4720.88474576271
"NYSC",42,5007.13559322034
"NYSC",43,5402.58644067797
"NYSC",44,5872.63728813559
"NYSC",45,6370.68813559322
"NYSC",46,6887.33898305085
"NYSC",47,7351.98983050847
"NYSC",48,7508.0406779661
"NYSC",49,7455.89152542373
"NYSC",50,7364.14237288136
"NYSC",51,7657.19322033898
"NYSC",52,7857.64406779661
"NYSC",53,8225.89491525424
"NYSC",54,8770.54576271186
"NYSC",55,9300.39661016949
"NYSC",56,9245.84745762712
"NYSC",57,8897.69830508475
"NYSC",58,8388.34915254237
"NYSC",59,7472.2
"NYSC",60,6503.2
"NYSC",61,5343.8
"NYSC",62,4526.8
"NYSC",63,3612.2
"NYSC",64,2965
"NYSC",65,2366.2
"NYSC",66,1834.8
"NYSC",67,1286
"NYSC",68,899.4
"NYSC",69,548.2
"NYSC",70,209.4
"NYSC",71,105.6
"NYSC",72,57.4
"NYSC",73,42.6
"NYSC",74,27.8
"NYSC",75,13.2
"NYSC",76,5
"NYSC",77,4.89795918367347
"NYSC",78,4.79591836734694
"NYSC",79,4.69387755102041
"NYSC",80,4.59183673469388
"NYSC",81,4.48979591836735
"NYSC",82,4.38775510204082
"NYSC",83,4.28571428571429
"NYSC",84,4.18367346938776
"NYSC",85,4.08163265306122
"NYSC",86,3.97959183673469
"NYSC",87,3.87755102040816
"NYSC",88,3.77551020408163
"NYSC",89,3.6734693877551
"NYSC",90,3.57142857142857
"NYSC",91,3.46938775510204
"NYSC",92,3.36734693877551
"NYSC",93,3.26530612244898
"NYSC",94,3.16326530612245
"NYSC",95,3.06122448979592
"NYSC",96,2.95918367346939
"NYSC",97,2.85714285714286
"NYSC",98,2.75510204081633
"NYSC",99,2.6530612244898
"NYSC",100,2.55102040816327
"NYSC",101,2.44897959183673
"NYSC",102,2.3469387755102
"NYSC",103,2.24489795918367
"NYSC",104,2.14285714285714
"NYSC",105,2.04081632653061
"NYSC",106,1.93877551020408
"NYSC",107,1.83673469387755
"NYSC",108,1.73469387755102
"NYSC",109,1.63265306122449
"NYSC",110,1.53061224489796
"NYSC",111,1.42857142857143
"NYSC",112,1.3265306122449
"NYSC",113,1.22448979591837
"NYSC",114,1.12244897959184
"NYSC",115,1.02040816326531
"NYSC",116,0.918367346938775
"NYSC",117,0.816326530612245
"NYSC",118,0.714285714285714
"NYSC",119,0.612244897959184
"NYSC",120,0.510204081632653
"NYSC",121,0.408163265306122
"NYSC",122,0.306122448979592
"NYSC",123,0.204081632653061
"NYSC",124,0.102040816326531
"NYSC",125,0
"NYLV",0,0
"NYLV",1,9.11032084770421
"NYLV",2,18.2206416954084
"NYLV",3,27.3309625431126
"NYLV",4,36.4412833908169
"NYLV",5,45.5516042385211
"NYLV",6,54.6619250862253
"NYLV",7,63.7722459339295
"NYLV",8,72.8825667816337
"NYLV",9,97.8928876293379
"NYLV",10,122.903208477042
"NYLV",11,147.913529324746
"NYLV",12,187.669304717905
"NYLV",13,227.425080111064
"NYLV",14,233.580855504223
"NYLV",15,239.736630897381
"NYLV",16,245.89240629054
"NYLV",17,278.910681683699
"NYLV",18,326.176015900387
"NYLV",19,422.330239005964
"NYLV",20,518.484462111541
"NYLV",21,616.838685217118
"NYLV",22,763.935765465553
"NYLV",23,952.214663895805
"NYLV",24,1123.29356232606
"NYLV",25,1319.63912742298
"NYLV",26,1530.7446925199
"NYLV",27,1857.25025761681
"NYLV",28,2213.35582271373
"NYLV",29,2565.30424495351
"NYLV",30,2923.90094305535
"NYLV",31,3316.26430782387
"NYLV",32,4293.42767259238
"NYLV",33,5421.86603736089
"NYLV",34,6611.8740990991
"NYLV",35,7814.61745495496
"NYLV",36,9069.56081081081
"NYLV",37,9655.10416666667
"NYLV",38,10264.0583333333
"NYLV",39,10856.4125
"NYLV",40,11621.5666666667
"NYLV",41,12545.9208333333
"NYLV",42,13787.675
"NYLV",43,14714.4291666667
"NYLV",44,15618.9833333333
"NYLV",45,16599.1375
"NYLV",46,17298.6916666667
"NYLV",47,18245.6458333333
"NYLV",48,19406.2
"NYLV",49,20588.6
"NYLV",50,21841
"NYLV",51,23835
"NYLV",52,24645
"NYLV",53,25080.2
"NYLV",54,25590.2
"NYLV",55,25452.4
"NYLV",56,23864
"NYLV",57,21505.2
"NYLV",58,19074.8
"NYLV",59,16164.8
"NYLV",60,12917.6
"NYLV",61,10021.4
"NYLV",62,7814.6
"NYLV",63,5782.6
"NYLV",64,4064.8
"NYLV",65,2884.4
"NYLV",66,2035
"NYLV",67,1671
"NYLV",68,1294.8
"NYLV",69,925.8
"NYLV",70,640.2
"NYLV",71,396.8
"NYLV",72,235.4
"NYLV",73,174.8
"NYLV",74,141.8
"NYLV",75,108.8
"NYLV",76,78.2
"NYLV",77,52.6
"NYLV",78,46.4375
"NYLV",79,40.275
"NYLV",80,34.1125
"NYLV",81,27.95
"NYLV",82,24.1875
"NYLV",83,23.625
"NYLV",84,23.0625
"NYLV",85,22.5
"NYLV",86,21.9375
"NYLV",87,21.375
"NYLV",88,20.8125
"NYLV",89,20.25
"NYLV",90,19.6875
"NYLV",91,19.125
"NYLV",92,18.5625
"NYLV",93,18
"NYLV",94,17.4375
"NYLV",95,16.875
"NYLV",96,16.3125
"NYLV",97,15.75
"NYLV",98,15.1875
"NYLV",99,14.625
"NYLV",100,14.0625
"NYLV",101,13.5
"NYLV",102,12.9375
"NYLV",103,12.375
"NYLV",104,11.8125
"NYLV",105,11.25
"NYLV",106,10.6875
"NYLV",107,10.125
"NYLV",108,9.5625
"NYLV",109,9
"NYLV",110,8.4375
"NYLV",111,7.875
"NYLV",112,7.3125
"NYLV",113,6.75
"NYLV",114,6.1875
"NYLV",115,5.625
"NYLV",116,5.0625
"NYLV",117,4.5
"NYLV",118,3.9375
"NYLV",119,3.375
"NYLV",120,2.8125
"NYLV",121,2.25
"NYLV",122,1.6875
"NYLV",123,1.125
"NYLV",124,0.5625
"NYLV",125,0
"ONDM",0,0
"ONDM",1,32.9935868692263
"ONDM",2,65.9871737384525
"ONDM",3,98.9807606076788
"ONDM",4,131.974347476905
"ONDM",5,164.967934346131
"ONDM",6,197.961521215358
"ONDM",7,230.955108084584
"ONDM",8,263.94869495381
"ONDM",9,290.442281823036
"ONDM",10,336.869202025596
"ONDM",11,383.296122228155
"ONDM",12,516.86849697617
"ONDM",13,650.440871724184
"ONDM",14,936.074784933736
"ONDM",15,1208.35155528615
"ONDM",16,1506.16165897189
"ONDM",17,1826.69676265763
"ONDM",18,2201.62010163749
"ONDM",19,2826.57677395069
"ONDM",20,3577.13344626388
"ONDM",21,4305.89011857707
"ONDM",22,5183.00869565217
"ONDM",23,6058.4
"ONDM",24,6681.2
"ONDM",25,7114.8
"ONDM",26,7588.2
"ONDM",27,7887.4
"ONDM",28,8192
"ONDM",29,8717.6
"ONDM",30,9319.6
"ONDM",31,9853
"ONDM",32,10802.8
"ONDM",33,11760.8
"ONDM",34,12578.4
"ONDM",35,13491.8
"ONDM",36,14426
"ONDM",37,14559.4
"ONDM",38,14681
"ONDM",39,15102.8
"ONDM",40,15367.2
"ONDM",41,15615.4
"ONDM",42,16310.2
"ONDM",43,16871
"ONDM",44,16115.4
"ONDM",45,15414.4
"ONDM",46,14704.2
"ONDM",47,13591.8
"ONDM",48,12495.2
"ONDM",49,12291
"ONDM",50,11917.6
"ONDM",51,11573.2
"ONDM",52,10841.8
"ONDM",53,10247.2
"ONDM",54,8742.6
"ONDM",55,7336
"ONDM",56,5929.4
"ONDM",57,4998.2
"ONDM",58,3834.8
"ONDM",59,3074.6
"ONDM",60,2369.4
"ONDM",61,1664.2
"ONDM",62,1108.6
"ONDM",63,645.8
"ONDM",64,580.4
"ONDM",65,517.8
"ONDM",66,455.2
"ONDM",67,388.8
"ONDM",68,314.8
"ONDM",69,240.8
"ONDM",70,166.8
"ONDM",71,92.8
"ONDM",72,24.962962962963
"ONDM",73,20.3259259259259
"ONDM",74,15.6888888888889
"ONDM",75,11.0518518518519
"ONDM",76,6.41481481481481
"ONDM",77,1.77777777777778
"ONDM",78,1.74074074074074
"ONDM",79,1.7037037037037
"ONDM",80,1.66666666666667
"ONDM",81,1.62962962962963
"ONDM",82,1.59259259259259
"ONDM",83,1.55555555555556
"ONDM",84,1.51851851851852
"ONDM",85,1.48148148148148
"ONDM",86,1.44444444444444
"ONDM",87,1.40740740740741
"ONDM",88,1.37037037037037
"ONDM",89,1.33333333333333
"ONDM",90,1.2962962962963
"ONDM",91,1.25925925925926
"ONDM",92,1.22222222222222
"ONDM",93,1.18518518518519
"ONDM",94,1.14814814814815
"ONDM",95,1.11111111111111
"ONDM",96,1.07407407407407
"ONDM",97,1.03703703703704
"ONDM",98,1
"ONDM",99,0.962962962962963
"ONDM",100,0.925925925925926
"ONDM",101,0.888888888888889
"ONDM",102,0.851851851851852
"ONDM",103,0.814814814814815
"ONDM",104,0.777777777777778
"ONDM",105,0.740740740740741
"ONDM",106,0.703703703703704
"ONDM",107,0.666666666666667
"ONDM",108,0.62962962962963
"ONDM",109,0.592592592592593
"ONDM",110,0.555555555555556
"ONDM",111,0.518518518518519
"ONDM",112,0.481481481481481
"ONDM",113,0.444444444444444
"ONDM",114,0.407407407407407
"ONDM",115,0.37037037037037
"ONDM",116,0.333333333333333
"ONDM",117,0.296296296296296
"ONDM",118,0.259259259259259
"ONDM",119,0.222222222222222
"ONDM",120,0.185185185185185
"ONDM",121,0.148148148148148
"ONDM",122,0.111111111111111
"ONDM",123,0.0740740740740742
"ONDM",124,0.037037037037037
"ONDM",125,0
"ONTI",0,0
"ONTI",1,13.249869738105
"ONTI",2,26.4997394762101
"ONTI",3,39.7496092143151
"ONTI",4,52.9994789524201
"ONTI",5,66.2493486905252
"ONTI",6,79.4992184286302
"ONTI",7,92.7490881667352
"ONTI",8,105.99895790484
"ONTI",9,114.373827642945
"ONTI",10,179.370919603273
"ONTI",11,252.9680115636
"ONTI",12,333.110558069382
"ONTI",13,413.253104575163
"ONTI",14,569.857189542484
"ONTI",15,682.504131652661
"ONTI",16,775.551073762838
"ONTI",17,893.073015873016
"ONTI",18,1039.17142857143
"ONTI",19,1415.04761904762
"ONTI",20,1847.12380952381
"ONTI",21,2358.8
"ONTI",22,2880
"ONTI",23,3408.8
"ONTI",24,3565.6
"ONTI",25,3751.2
"ONTI",26,3962.6
"ONTI",27,4117
"ONTI",28,4263.8
"ONTI",29,4668.8
"ONTI",30,4962
"ONTI",31,5300
"ONTI",32,5775.6
"ONTI",33,6289.8
"ONTI",34,6759
"ONTI",35,7300
"ONTI",36,7536.8
"ONTI",37,7539
"ONTI",38,7398.8
"ONTI",39,6969
"ONTI",40,6462.8
"ONTI",41,6112.8
"ONTI",42,5943.8
"ONTI",43,5815
"ONTI",44,5678.2
"ONTI",45,5464.4
"ONTI",46,5127.4
"ONTI",47,4651.2
"ONTI",48,4187.6
"ONTI",49,3758.4
"ONTI",50,3329.8
"ONTI",51,3045
"ONTI",52,2765.2
"ONTI",53,2466.8
"ONTI",54,2187.8
"ONTI",55,1908
"ONTI",56,1603.4
"ONTI",57,1341.8
"ONTI",58,1099.4
"ONTI",59,796.2
"ONTI",60,575
"ONTI",61,366.2
"ONTI",62,179
"ONTI",63,10.8
"ONTI",64,0
"ONTI",65,0
"ONTI",66,0
"ONTI",67,0
"ONTI",68,0
"ONTI",69,0
"ONTI",70,0
"ONTI",71,0
"ONTI",72,0
"ONTI",73,0
"ONTI",74,0
"ONTI",75,0
"ONTI",76,0
"ONTI",77,0
"ONTI",78,0
"ONTI",79,0
"ONTI",80,0
"ONTI",81,0
"ONTI",82,0
"ONTI",83,0
"ONTI",84,0
"ONTI",85,0
"ONTI",86,0
"ONTI",87,0
"ONTI",88,0
"ONTI",89,0
"ONTI",90,0
"ONTI",91,0
"ONTI",92,0
"ONTI",93,0
"ONTI",94,0
"ONTI",95,0
"ONTI",96,0
"ONTI",97,0
"ONTI",98,0
"ONTI",99,0
"ONTI",100,0
"ONTI",101,0
"ONTI",102,0
"ONTI",103,0
"ONTI",104,0
"ONTI",105,0
"ONTI",106,0
"ONTI",107,0
"ONTI",108,0
"ONTI",109,0
"ONTI",110,0
"ONTI",111,0
"ONTI",112,0
"ONTI",113,0
"ONTI",114,0
"ONTI",115,0
"ONTI",116,0
"ONTI",117,0
"ONTI",118,0
"ONTI",119,0
"ONTI",120,0
"ONTI",121,0
"ONTI",122,0
"ONTI",123,0
"ONTI",124,0
"ONTI",125,0
"MDDB",0,0
"MDDB",1,6.16553879752251
"MDDB",2,12.331077595045
"MDDB",3,18.4966163925675
"MDDB",4,24.6621551900901
"MDDB",5,30.8276939876126
"MDDB",6,36.9932327851351
"MDDB",7,43.1587715826576
"MDDB",8,49.3243103801801
"MDDB",9,53.5398491777026
"MDDB",10,56.5109435307807
"MDDB",11,59.4820378838588
"MDDB",12,62.4531322369368
"MDDB",13,65.4242265900149
"MDDB",14,69.595320943093
"MDDB",15,74.566415296171
"MDDB",16,79.5375096492491
"MDDB",17,100.333604002327
"MDDB",18,127.012051296582
"MDDB",19,187.290498590836
"MDDB",20,254.568945885091
"MDDB",21,321.847393179345
"MDDB",22,411.478221425981
"MDDB",23,499.909049672616
"MDDB",24,521.139877919252
"MDDB",25,538.045706165887
"MDDB",26,554.951534412523
"MDDB",27,544.057362659158
"MDDB",28,529.163190905794
"MDDB",29,597.397590581001
"MDDB",30,670.687162670001
"MDDB",31,743.743401425667
"MDDB",32,821.335124052302
"MDDB",33,899.720596678936
"MDDB",34,912.706069305571
"MDDB",35,923.291541932205
"MDDB",36,934.07701455884
"MDDB",37,987.462487185474
"MDDB",38,1091.63174359589
"MDDB",39,1232.20100000631
"MDDB",40,1374.37025641673
"MDDB",41,1524.73951282715
"MDDB",42,1696.71364728635
"MDDB",43,1886.68778174554
"MDDB",44,2125.68052085591
"MDDB",45,2381.47325996627
"MDDB",46,2643.66599907663
"MDDB",47,2800.85873818699
"MDDB",48,2919.65147729735
"MDDB",49,3168.44421640771
"MDDB",50,3518.83695551807
"MDDB",51,3873.62969462844
"MDDB",52,4269.14400236625
"MDDB",53,5008.05831010406
"MDDB",54,5610.37261784187
"MDDB",55,6156.28692557969
"MDDB",56,6723.2012333175
"MDDB",57,7163.31554105531
"MDDB",58,7042.62984879312
"MDDB",59,6593.14415653094
"MDDB",60,6025.13982020095
"MDDB",61,5381.73548387097
"MDDB",62,4760.2
"MDDB",63,4278.8
"MDDB",64,3949.2
"MDDB",65,3617.6
"MDDB",66,3281.2
"MDDB",67,2997
"MDDB",68,2472
"MDDB",69,2053.4
"MDDB",70,1565.80357142857
"MDDB",71,1112.20714285714
"MDDB",72,691.610714285714
"MDDB",73,528.414285714286
"MDDB",74,364.017857142857
"MDDB",75,298.621428571429
"MDDB",76,239.425
"MDDB",77,180.628571428571
"MDDB",78,143.927976190476
"MDDB",79,115.427380952381
"MDDB",80,105.926785714286
"MDDB",81,96.4261904761905
"MDDB",82,87.1255952380952
"MDDB",83,87.225
"MDDB",84,87.3244047619048
"MDDB",85,86.248199767712
"MDDB",86,85.1719947735192
"MDDB",87,84.4957897793264
"MDDB",88,74.6195847851336
"MDDB",89,64.7433797909408
"MDDB",90,56.867174796748
"MDDB",91,48.9909698025552
"MDDB",92,42.1147648083624
"MDDB",93,40.8385598141696
"MDDB",94,39.5623548199768
"MDDB",95,38.286149825784
"MDDB",96,37.0099448315912
"MDDB",97,35.7337398373984
"MDDB",98,34.4575348432056
"MDDB",99,33.1813298490128
"MDDB",100,31.90512485482
"MDDB",101,30.6289198606272
"MDDB",102,29.3527148664344
"MDDB",103,28.0765098722416
"MDDB",104,26.8003048780488
"MDDB",105,25.524099883856
"MDDB",106,24.2478948896632
"MDDB",107,22.9716898954704
"MDDB",108,21.6954849012776
"MDDB",109,20.4192799070848
"MDDB",110,19.143074912892
"MDDB",111,17.8668699186992
"MDDB",112,16.5906649245064
"MDDB",113,15.3144599303136
"MDDB",114,14.0382549361208
"MDDB",115,12.762049941928
"MDDB",116,11.4858449477352
"MDDB",117,10.2096399535424
"MDDB",118,8.93343495934959
"MDDB",119,7.65722996515679
"MDDB",120,6.38102497096399
"MDDB",121,5.10481997677119
"MDDB",122,3.82861498257839
"MDDB",123,2.5524099883856
"MDDB",124,1.2762049941928
"MDDB",125,0
"ONWH",0,0
"ONWH",1,9.89243656670127
"ONWH",2,19.7848731334025
"ONWH",3,29.6773097001038
"ONWH",4,39.5697462668051
"ONWH",5,49.4621828335064
"ONWH",6,59.3546194002076
"ONWH",7,69.2470559669089
"ONWH",8,79.1394925336102
"ONWH",9,86.4319291003115
"ONWH",10,95.6799212225683
"ONWH",11,112.827913344825
"ONWH",12,134.648632739809
"ONWH",13,156.469352134793
"ONWH",14,195.120840760547
"ONWH",15,246.086615100586
"ONWH",16,296.652389440625
"ONWH",17,362.580663780664
"ONWH",18,450.932467532468
"ONWH",19,550.517604617605
"ONWH",20,646.502741702742
"ONWH",21,744.687878787879
"ONWH",22,842.644444444445
"ONWH",23,921.955555555556
"ONWH",24,1005.66666666667
"ONWH",25,1080.77777777778
"ONWH",26,1145.68888888889
"ONWH",27,1183.8
"ONWH",28,1196.51111111111
"ONWH",29,1162.02222222222
"ONWH",30,1121.73333333333
"ONWH",31,1055.24444444444
"ONWH",32,1002.15555555556
"ONWH",33,957.466666666667
"ONWH",34,906.777777777778
"ONWH",35,873.888888888889
"ONWH",36,876
"ONWH",37,871.711111111111
"ONWH",38,879.022222222222
"ONWH",39,901.333333333333
"ONWH",40,914.644444444445
"ONWH",41,910.755555555556
"ONWH",42,871.466666666667
"ONWH",43,832.577777777778
"ONWH",44,764.088888888889
"ONWH",45,671.6
"ONWH",46,587.711111111111
"ONWH",47,512.622222222222
"ONWH",48,437.533333333333
"ONWH",49,387.244444444444
"ONWH",50,328.755555555556
"ONWH",51,270.266666666667
"ONWH",52,228.177777777778
"ONWH",53,186.088888888889
"ONWH",54,164.2
"ONWH",55,150.711111111111
"ONWH",56,137.222222222222
"ONWH",57,130.533333333333
"ONWH",58,123.844444444444
"ONWH",59,98.3555555555556
"ONWH",60,89.8666666666667
"ONWH",61,81.3777777777778
"ONWH",62,73.6888888888889
"ONWH",63,66
"ONWH",64,64
"ONWH",65,62
"ONWH",66,60
"ONWH",67,58
"ONWH",68,56
"ONWH",69,55
"ONWH",70,54
"ONWH",71,53
"ONWH",72,52
"ONWH",73,51
"ONWH",74,49.0307692307692
"ONWH",75,47.0615384615385
"ONWH",76,45.0923076923077
"ONWH",77,43.1230769230769
"ONWH",78,41.1538461538462
"ONWH",79,40.3846153846154
"ONWH",80,39.6153846153846
"ONWH",81,38.8461538461538
"ONWH",82,38.0769230769231
"ONWH",83,37.3076923076923
"ONWH",84,35.5384615384615
"ONWH",85,33.7692307692308
"ONWH",86,32
"ONWH",87,30.2307692307692
"ONWH",88,28.4615384615385
"ONWH",89,27.6923076923077
"ONWH",90,26.9230769230769
"ONWH",91,26.1538461538462
"ONWH",92,25.3846153846154
"ONWH",93,24.6153846153846
"ONWH",94,23.8461538461538
"ONWH",95,23.0769230769231
"ONWH",96,22.3076923076923
"ONWH",97,21.5384615384615
"ONWH",98,20.7692307692308
"ONWH",99,20
"ONWH",100,19.2307692307692
"ONWH",101,18.4615384615385
"ONWH",102,17.6923076923077
"ONWH",103,16.9230769230769
"ONWH",104,16.1538461538462
"ONWH",105,15.3846153846154
"ONWH",106,14.6153846153846
"ONWH",107,13.8461538461538
"ONWH",108,13.0769230769231
"ONWH",109,12.3076923076923
"ONWH",110,11.5384615384615
"ONWH",111,10.7692307692308
"ONWH",112,10
"ONWH",113,9.23076923076923
"ONWH",114,8.46153846153846
"ONWH",115,7.69230769230769
"ONWH",116,6.92307692307693
"ONWH",117,6.15384615384615
"ONWH",118,5.38461538461539
"ONWH",119,4.61538461538461
"ONWH",120,3.84615384615385
"ONWH",121,3.07692307692307
"ONWH",122,2.30769230769231
"ONWH",123,1.53846153846154
"ONWH",124,0.769230769230774
"ONWH",125,0
"NJHP",0,0
"NJHP",1,10.0666664191515
"NJHP",2,20.1333328383031
"NJHP",3,30.1999992574546
"NJHP",4,40.2666656766061
"NJHP",5,50.3333320957577
"NJHP",6,60.3999985149092
"NJHP",7,70.4666649340607
"NJHP",8,80.5333313532123
"NJHP",9,90.5999977723638
"NJHP",10,100.666664191515
"NJHP",11,110.733330610667
"NJHP",12,122.981815211637
"NJHP",13,135.230299812606
"NJHP",14,147.478784413576
"NJHP",15,159.727269014546
"NJHP",16,171.975753615515
"NJHP",17,176.836738216485
"NJHP",18,185.662428699808
"NJHP",19,202.632563627575
"NJHP",20,226.329014344816
"NJHP",21,271.425465062056
"NJHP",22,346.617153874535
"NJHP",23,423.117933596105
"NJHP",24,508.949148100284
"NJHP",25,595.780362604462
"NJHP",26,678.011577108641
"NJHP",27,765.042791612819
"NJHP",28,854.074006116998
"NJHP",29,983.662363478319
"NJHP",30,1138.77485877067
"NJHP",31,1412.08735406303
"NJHP",32,1738.79984935539
"NJHP",33,2132.51234464774
"NJHP",34,2524.40059751586
"NJHP",35,2916.57120332515
"NJHP",36,3035.25609484872
"NJHP",37,3135.1409863723
"NJHP",38,3168.49074276074
"NJHP",39,3456.54049914918
"NJHP",40,3748.79025553762
"NJHP",41,4422.24001192606
"NJHP",42,5123.67513416816
"NJHP",43,5941.51025641026
"NJHP",44,6971.31282051282
"NJHP",45,8048.31538461538
"NJHP",46,8877.71794871795
"NJHP",47,9852.32051282051
"NJHP",48,10729.7230769231
"NJHP",49,11264.9256410256
"NJHP",50,11861.5282051282
"NJHP",51,12383.1307692308
"NJHP",52,12834.7333333333
"NJHP",53,13346.5166666667
"NJHP",54,14408.3
"NJHP",55,15302.2833333333
"NJHP",56,16365.6666666667
"NJHP",57,17026.25
"NJHP",58,17482.8333333333
"NJHP",59,16158.4166666667
"NJHP",60,14754.6
"NJHP",61,13007.8
"NJHP",62,11298
"NJHP",63,9569.2
"NJHP",64,8454.4
"NJHP",65,7228.2
"NJHP",66,6213
"NJHP",67,5193.6
"NJHP",68,4223.6
"NJHP",69,3360.4
"NJHP",70,2683.4
"NJHP",71,2024.8
"NJHP",72,1508.2
"NJHP",73,1073.8
"NJHP",74,845.4
"NJHP",75,639.8
"NJHP",76,456.2
"NJHP",77,317.775510204082
"NJHP",78,183.351020408163
"NJHP",79,165.326530612245
"NJHP",80,149.702040816327
"NJHP",81,134.077551020408
"NJHP",82,119.45306122449
"NJHP",83,104.428571428571
"NJHP",84,92.8040816326531
"NJHP",85,81.1795918367347
"NJHP",86,65.5551020408163
"NJHP",87,53.730612244898
"NJHP",88,41.5061224489796
"NJHP",89,29.2816326530612
"NJHP",90,17.0571428571429
"NJHP",91,8.23265306122449
"NJHP",92,7.40816326530612
"NJHP",93,7.18367346938776
"NJHP",94,6.95918367346939
"NJHP",95,6.73469387755102
"NJHP",96,6.51020408163265
"NJHP",97,6.28571428571429
"NJHP",98,6.06122448979592
"NJHP",99,5.83673469387755
"NJHP",100,5.61224489795918
"NJHP",101,5.38775510204082
"NJHP",102,5.16326530612245
"NJHP",103,4.93877551020408
"NJHP",104,4.71428571428571
"NJHP",105,4.48979591836735
"NJHP",106,4.26530612244898
"NJHP",107,4.04081632653061
"NJHP",108,3.81632653061225
"NJHP",109,3.59183673469388
"NJHP",110,3.36734693877551
"NJHP",111,3.14285714285714
"NJHP",112,2.91836734693877
"NJHP",113,2.69387755102041
"NJHP",114,2.46938775510204
"NJHP",115,2.24489795918367
"NJHP",116,2.02040816326531
"NJHP",117,1.79591836734694
"NJHP",118,1.57142857142857
"NJHP",119,1.34693877551021
"NJHP",120,1.12244897959184
"NJHP",121,0.897959183673469
"NJHP",122,0.673469387755102
"NJHP",123,0.448979591836736
"NJHP",124,0.224489795918368
"NJHP",125,0
"ONNO",0,0
"ONNO",1,18.4127489652628
"ONNO",2,36.8254979305255
"ONNO",3,55.2382468957883
"ONNO",4,73.650995861051
"ONNO",5,92.0637448263138
"ONNO",6,110.476493791577
"ONNO",7,128.889242756839
"ONNO",8,147.301991722102
"ONNO",9,182.439740687365
"ONNO",10,241.59971187485
"ONNO",11,300.759683062335
"ONNO",12,440.846926977093
"ONNO",13,580.93417089185
"ONNO",14,707.313722498916
"ONNO",15,822.693274105981
"ONNO",16,938.072825713046
"ONNO",17,1022.37737732011
"ONNO",18,1125.95251716247
"ONNO",19,1337.70543478261
"ONNO",20,1571.44782608696
"ONNO",21,1805.1902173913
"ONNO",22,2162.33260869565
"ONNO",23,2508.875
"ONNO",24,2779.2
"ONNO",25,2996.8
"ONNO",26,3214.4
"ONNO",27,3256.8
"ONNO",28,3273
"ONNO",29,3236
"ONNO",30,3250.6
"ONNO",31,3265.2
"ONNO",32,3148.6
"ONNO",33,3051.8
"ONNO",34,2895.2
"ONNO",35,2678.4
"ONNO",36,2461.6
"ONNO",37,2359.6
"ONNO",38,2209
"ONNO",39,2118.6
"ONNO",40,2037.6
"ONNO",41,1956.6
"ONNO",42,1812
"ONNO",43,1693.2
"ONNO",44,1561.2
"ONNO",45,1437.6
"ONNO",46,1314
"ONNO",47,1218.2
"ONNO",48,1131.2
"ONNO",49,1006.4
"ONNO",50,850.4
"ONNO",51,694.4
"ONNO",52,537.6
"ONNO",53,384
"ONNO",54,271.4
"ONNO",55,189.6
"ONNO",56,107.8
"ONNO",57,70.8
"ONNO",58,35.8
"ONNO",59,21
"ONNO",60,13
"ONNO",61,5
"ONNO",62,3
"ONNO",63,1
"ONNO",64,0
"ONNO",65,0
"ONNO",66,0
"ONNO",67,0
"ONNO",68,0
"ONNO",69,0
"ONNO",70,0
"ONNO",71,0
"ONNO",72,0
"ONNO",73,0
"ONNO",74,0
"ONNO",75,0
"ONNO",76,0
"ONNO",77,0
"ONNO",78,0
"ONNO",79,0
"ONNO",80,0
"ONNO",81,0
"ONNO",82,0
"ONNO",83,0
"ONNO",84,0
"ONNO",85,0
"ONNO",86,0
"ONNO",87,0
"ONNO",88,0
"ONNO",89,0
"ONNO",90,0
"ONNO",91,0
"ONNO",92,0
"ONNO",93,0
"ONNO",94,0
"ONNO",95,0
"ONNO",96,0
"ONNO",97,0
"ONNO",98,0
"ONNO",99,0
"ONNO",100,0
"ONNO",101,0
"ONNO",102,0
"ONNO",103,0
"ONNO",104,0
"ONNO",105,0
"ONNO",106,0
"ONNO",107,0
"ONNO",108,0
"ONNO",109,0
"ONNO",110,0
"ONNO",111,0
"ONNO",112,0
"ONNO",113,0
"ONNO",114,0
"ONNO",115,0
"ONNO",116,0
"ONNO",117,0
"ONNO",118,0
"ONNO",119,0
"ONNO",120,0
"ONNO",121,0
"ONNO",122,0
"ONNO",123,0
"ONNO",124,0
"ONNO",125,0
"NYCH",0,0
"NYCH",1,18.3211372724893
"NYCH",2,36.6422745449785
"NYCH",3,54.9634118174678
"NYCH",4,73.2845490899571
"NYCH",5,91.6056863624463
"NYCH",6,109.926823634936
"NYCH",7,128.247960907425
"NYCH",8,146.569098179914
"NYCH",9,164.890235452403
"NYCH",10,183.211372724893
"NYCH",11,210.132509997382
"NYCH",12,392.835465451689
"NYCH",13,575.538420905997
"NYCH",14,766.102914821843
"NYCH",15,961.724551594831
"NYCH",16,1191.94618836782
"NYCH",17,1395.63032514081
"NYCH",18,1685.56152073733
"NYCH",19,2021.08160522273
"NYCH",20,2368.20168970814
"NYCH",21,2840.87177419355
"NYCH",22,3272.44662058372
"NYCH",23,3703.32146697389
"NYCH",24,4211.99631336405
"NYCH",25,4760.62115975422
"NYCH",26,5029.84600614439
"NYCH",27,6003.47085253456
"NYCH",28,7180.29569892473
"NYCH",29,8281.5205453149
"NYCH",30,9400.34539170507
"NYCH",31,10915.7035714286
"NYCH",32,12776.9714285714
"NYCH",33,14577.2392857143
"NYCH",34,16506.7071428571
"NYCH",35,18357.175
"NYCH",36,19967.5
"NYCH",37,21198.625
"NYCH",38,22310.55
"NYCH",39,23334.675
"NYCH",40,24633.6
"NYCH",41,26233.125
"NYCH",42,26717.05
"NYCH",43,27524.375
"NYCH",44,28377.9
"NYCH",45,28896.225
"NYCH",46,28696.35
"NYCH",47,28024.875
"NYCH",48,26432.2
"NYCH",49,24304.325
"NYCH",50,22277.85
"NYCH",51,21097.175
"NYCH",52,20245.3
"NYCH",53,19745.225
"NYCH",54,19756.75
"NYCH",55,19545.875
"NYCH",56,18489
"NYCH",57,16672
"NYCH",58,14442.8
"NYCH",59,11678.4
"NYCH",60,8912.6
"NYCH",61,6090.4
"NYCH",62,4258
"NYCH",63,2889.8
"NYCH",64,1939.4
"NYCH",65,1158.4
"NYCH",66,711.8
"NYCH",67,512.8
"NYCH",68,391.2
"NYCH",69,262.8
"NYCH",70,150
"NYCH",71,114.4
"NYCH",72,85.4
"NYCH",73,61.6
"NYCH",74,41.2
"NYCH",75,23
"NYCH",76,16.6
"NYCH",77,12.6
"NYCH",78,8.6
"NYCH",79,4.6
"NYCH",80,0.6
"NYCH",81,0
"NYCH",82,0
"NYCH",83,0
"NYCH",84,0
"NYCH",85,0
"NYCH",86,0
"NYCH",87,0
"NYCH",88,0
"NYCH",89,0
"NYCH",90,0
"NYCH",91,0
"NYCH",92,0
"NYCH",93,0
"NYCH",94,0
"NYCH",95,0
"NYCH",96,0
"NYCH",97,0
"NYCH",98,0
"NYCH",99,0
"NYCH",100,0
"NYCH",101,0
"NYCH",102,0
"NYCH",103,0
"NYCH",104,0
"NYCH",105,0
"NYCH",106,0
"NYCH",107,0
"NYCH",108,0
"NYCH",109,0
"NYCH",110,0
"NYCH",111,0
"NYCH",112,0
"NYCH",113,0
"NYCH",114,0
"NYCH",115,0
"NYCH",116,0
"NYCH",117,0
"NYCH",118,0
"NYCH",119,0
"NYCH",120,0
"NYCH",121,0
"NYCH",122,0
"NYCH",123,0
"NYCH",124,0
"NYCH",125,0
"ONPG",0,0
"ONPG",1,15.6978754585852
"ONPG",2,31.3957509171704
"ONPG",3,47.0936263757555
"ONPG",4,62.7915018343407
"ONPG",5,78.4893772929259
"ONPG",6,94.1872527515111
"ONPG",7,109.885128210096
"ONPG",8,125.583003668681
"ONPG",9,139.330879127267
"ONPG",10,197.723199030296
"ONPG",11,256.115518933326
"ONPG",12,416.380566109083
"ONPG",13,576.64561328484
"ONPG",14,803.35681430675
"ONPG",15,1017.45372961438
"ONPG",16,1231.550644922
"ONPG",17,1503.88506022963
"ONPG",18,1816.77241671372
"ONPG",19,2179.45977319782
"ONPG",20,2632.74712968191
"ONPG",21,3086.03448616601
"ONPG",22,3566.84565217391
"ONPG",23,4048.275
"ONPG",24,4627.2
"ONPG",25,5444.8
"ONPG",26,6262.4
"ONPG",27,7366.2
"ONPG",28,8542
"ONPG",29,9547.2
"ONPG",30,9964.4
"ONPG",31,10381.6
"ONPG",32,10844.8
"ONPG",33,11366.4
"ONPG",34,12270
"ONPG",35,13504.8
"ONPG",36,14739.6
"ONPG",37,15069.4
"ONPG",38,15442.6
"ONPG",39,15341
"ONPG",40,15113.2
"ONPG",41,14885.4
"ONPG",42,14916.8
"ONPG",43,14647.4
"ONPG",44,13925.2
"ONPG",45,13177.2
"ONPG",46,12429.2
"ONPG",47,11414
"ONPG",48,10250.4
"ONPG",49,9607.8
"ONPG",50,8715.4
"ONPG",51,7823
"ONPG",52,6883.4
"ONPG",53,5990.2
"ONPG",54,4844
"ONPG",55,3912.8
"ONPG",56,2981.6
"ONPG",57,2289.4
"ONPG",58,1670.4
"ONPG",59,1182.8
"ONPG",60,776.4
"ONPG",61,370
"ONPG",62,152
"ONPG",63,38.4
"ONPG",64,27.6
"ONPG",65,17
"ONPG",66,6.4
"ONPG",67,0
"ONPG",68,0
"ONPG",69,0
"ONPG",70,0
"ONPG",71,0
"ONPG",72,0
"ONPG",73,0
"ONPG",74,0
"ONPG",75,0
"ONPG",76,0
"ONPG",77,0
"ONPG",78,0
"ONPG",79,0
"ONPG",80,0
"ONPG",81,0
"ONPG",82,0
"ONPG",83,0
"ONPG",84,0
"ONPG",85,0
"ONPG",86,0
"ONPG",87,0
"ONPG",88,0
"ONPG",89,0
"ONPG",90,0
"ONPG",91,0
"ONPG",92,0
"ONPG",93,0
"ONPG",94,0
"ONPG",95,0
"ONPG",96,0
"ONPG",97,0
"ONPG",98,0
"ONPG",99,0
"ONPG",100,0
"ONPG",101,0
"ONPG",102,0
"ONPG",103,0
"ONPG",104,0
"ONPG",105,0
"ONPG",106,0
"ONPG",107,0
"ONPG",108,0
"ONPG",109,0
"ONPG",110,0
"ONPG",111,0
"ONPG",112,0
"ONPG",113,0
"ONPG",114,0
"ONPG",115,0
"ONPG",116,0
"ONPG",117,0
"ONPG",118,0
"ONPG",119,0
"ONPG",120,0
"ONPG",121,0
"ONPG",122,0
"ONPG",123,0
"ONPG",124,0
"ONPG",125,0
"NJPT",0,0
"NJPT",1,5.31999068544496
"NJPT",2,10.6399813708899
"NJPT",3,15.9599720563349
"NJPT",4,21.2799627417798
"NJPT",5,26.5999534272248
"NJPT",6,31.9199441126698
"NJPT",7,37.2399347981147
"NJPT",8,42.5599254835597
"NJPT",9,47.8799161690047
"NJPT",10,53.1999068544496
"NJPT",11,58.5198975398946
"NJPT",12,65.294433679885
"NJPT",13,72.0689698198754
"NJPT",14,78.8435059598658
"NJPT",15,85.6180420998562
"NJPT",16,92.3925782398467
"NJPT",17,93.9671143798371
"NJPT",18,95.5416505198275
"NJPT",19,97.1161866598179
"NJPT",20,98.6907227998083
"NJPT",21,100.265258939799
"NJPT",22,107.525509365503
"NJPT",23,114.785759791208
"NJPT",24,122.046010216913
"NJPT",25,129.306260642618
"NJPT",26,136.566511068322
"NJPT",27,140.626761494027
"NJPT",28,144.687011919732
"NJPT",29,151.168690916865
"NJPT",30,157.650369913998
"NJPT",31,164.132048911131
"NJPT",32,174.413727908265
"NJPT",33,195.364156905398
"NJPT",34,217.369131357077
"NJPT",35,243.515282279344
"NJPT",36,269.661433201611
"NJPT",37,287.068695234989
"NJPT",38,279.713795106205
"NJPT",39,279.653631819526
"NJPT",40,278.593468532847
"NJPT",41,277.533305246168
"NJPT",42,293.395093179002
"NJPT",43,341.656881111835
"NJPT",44,411.039599277226
"NJPT",45,562.422317442618
"NJPT",46,713.805035608009
"NJPT",47,898.187753773401
"NJPT",48,1102.97047193879
"NJPT",49,1345.35319010418
"NJPT",50,1548.36447969815
"NJPT",51,1751.37576929211
"NJPT",52,2137.17137261156
"NJPT",53,2568.69005285409
"NJPT",54,3201.40873309662
"NJPT",55,3945.03482074656
"NJPT",56,4688.6609083965
"NJPT",57,5294.28699604644
"NJPT",58,5985.71308369637
"NJPT",59,6458.33917134631
"NJPT",60,6718.56525899625
"NJPT",61,6978.79134664619
"NJPT",62,7111.16825396825
"NJPT",63,6984.4
"NJPT",64,6515.4
"NJPT",65,6004
"NJPT",66,5492.6
"NJPT",67,4725.6
"NJPT",68,3856.2
"NJPT",69,3146.8
"NJPT",70,2498.6
"NJPT",71,1850.4
"NJPT",72,1475
"NJPT",73,1267.4
"NJPT",74,1161.2
"NJPT",75,1046
"NJPT",76,930.8
"NJPT",77,838.6
"NJPT",78,760.4
"NJPT",79,708.8
"NJPT",80,756
"NJPT",81,803.2
"NJPT",82,818.818181818182
"NJPT",83,833.036363636364
"NJPT",84,846.054545454545
"NJPT",85,697.272727272727
"NJPT",86,548.490909090909
"NJPT",87,407.509090909091
"NJPT",88,276.527272727273
"NJPT",89,148.945454545455
"NJPT",90,114.563636363636
"NJPT",91,80.1818181818182
"NJPT",92,66
"NJPT",93,51.8181818181818
"NJPT",94,37.6363636363636
"NJPT",95,38.4545454545455
"NJPT",96,39.2727272727273
"NJPT",97,40.0909090909091
"NJPT",98,40.9090909090909
"NJPT",99,41.7272727272727
"NJPT",100,42.5454545454545
"NJPT",101,43.3636363636364
"NJPT",102,44.1818181818182
"NJPT",103,45
"NJPT",104,45.8181818181818
"NJPT",105,46.6363636363636
"NJPT",106,47.4545454545455
"NJPT",107,48.2727272727273
"NJPT",108,49.0909090909091
"NJPT",109,39.7090909090909
"NJPT",110,30.3272727272727
"NJPT",111,20.9454545454545
"NJPT",112,11.5636363636364
"NJPT",113,2.18181818181818
"NJPT",114,2
"NJPT",115,1.81818181818182
"NJPT",116,1.63636363636364
"NJPT",117,1.45454545454545
"NJPT",118,1.27272727272727
"NJPT",119,1.09090909090909
"NJPT",120,0.909090909090909
"NJPT",121,0.727272727272728
"NJPT",122,0.545454545454546
"NJPT",123,0.363636363636363
"NJPT",124,0.181818181818182
"NJPT",125,0
